4273,5057,4722,3763,2355,1545,1506,2471,4576,6667,7588,7495,6670,5121,3313,2182,1706,2299,3758,5372,6052,6388,6486,5726,3997,2554,1800,1908,3088,5082,7373,7710,8167,7341,5513,3423,2440,2102,2405,3785,5757,6814,7087,6493,5234,3033,1767,1111,1189,2250,4406,5804,6135,6166,5239,3711,1905,1296,1498,1876,3097,4484,5289,5730,5541,4183,2565,1768,1574,1590,2432,3938,4916,5833,6076,5422,3535,1993,1327,1414,2112,3506,5078,5531,5602,5405,4382,2332,1203,1076,1340,2051,3721,5093,5630,4490,4265,3525,2263,1330,1320,1903,3237,4706,5407,5604,5453,4860,3219,1979,1474,1755,2969,4626,5639,6245,6768,5523,4346,2748,1969,1777,1971,3631,5871,6778,6898,6138,5126,3293,2099,1498,1726,2032,3884,6154,6515,6089,5769,4232,2548,1777,1219,890,2808,5045,6587,6523,5755,5187,3656,2614,1806,1658,2755,4835,6596,7037,7073,6314,4874,2943,2055,1571,1877,3381,5687,7500,7741,6840,5811,4205,2702,2171,1966,2813,4850,7001,8260,8702,8176,6533,4103,2653,1836,2456,3995,6430,7838,8669,8395,6735
4233,4739,4507,3274,2124,1437,1522,2380,4056,5909,6777,6456,5849,4072,2512,1752,1416,1670,2657,4499,5440,6140,6169,5193,3061,2177,1757,1873,2991,4940,6780,7558,7297,6512,4650,2968,2157,1944,2354,3710,5246,6255,6821,6345,4818,2779,1914,1298,1385,2125,3551,4881,5612,5713,4738,2879,1693,1406,1302,1422,2389,3688,4877,5362,5254,3996,2384,1567,1493,1642,2292,3518,4693,5717,5875,4644,3005,1817,1465,1285,1692,2810,3988,4930,5158,4554,3256,1953,1135,1290,1479,2231,3388,4630,4911,4464,3989,3304,1850,1403,1366,1743,2972,4124,4787,4859,4622,3638,2289,1495,1149,1118,1859,3489,4909,5836,6052,4932,3356,2079,1532,1499,1869,2711,4831,5906,6415,5874,4893,3522,2132,1592,1517,2018,3617,4683,5660,5655,4942,3463,2190,1674,1457,1062,2075,4559,5525,6037,5234,4185,3043,2199,1639,1548,2062,3654,5197,5958,5937,4751,3642,2271,1563,1391,1717,2751,4710,6137,6845,6258,4791,3059,2066,1841,1829,2532,4263,6102,7465,7861,7054,4953,3004,2049,1928,2277,3183,4935,6653,7484,7186,5778
3201,3784,3356,2574,1873,1442,1573,2179,3125,4122,4997,5269,4635,3091,1902,1357,1323,1842,2568,3663,4810,5174,4823,3971,2767,1870,1718,1528,2003,3201,4985,5768,5797,4581,3043,2140,1780,1821,1812,2263,3439,4953,5377,4879,3616,2158,1775,1136,1210,1742,2466,3495,4344,4302,3507,1980,1245,1238,1293,1404,1741,2707,3519,3975,3534,2060,1402,1090,1236,1382,1783,2636,3788,4397,4286,3161,2078,1405,1415,1564,1799,2338,3367,3845,3951,3205,2509,1803,1325,1176,1512,1921,2273,3107,3391,2856,2076,1639,1533,1324,1121,1295,1749,2309,3004,2957,2497,1877,1396,1160,1195,1441,1864,2432,3244,3889,4140,3291,2473,1960,1753,1359,1451,1868,2689,3869,3985,4004,3327,2478,1882,1779,1863,1851,2479,2930,3432,3561,3325,2119,1475,1315,1361,985,1345,2182,3328,3457,3136,2726,2035,1933,1930,1928,2086,2465,3370,4178,3925,3276,2568,2002,1809,1744,1939,2060,2920,3806,4343,4101,3835,2719,2130,1953,1614,1822,2497,3857,4949,5242,4249,2918,1833,1591,1508,1807,2011,3373,4503,5197,4491,2908
1883,1984,2081,1852,1556,1311,1101,1264,1742,2086,2827,2923,2406,1735,1533,1590,1524,1511,1647,2168,2579,2615,2129,1972,1709,1800,1728,1687,1629,1776,2453,2888,2968,2303,1922,1747,1653,1636,1757,1613,1794,2555,2775,2268,1732,1642,1735,1272,1210,1675,1493,1796,2181,2063,1701,1249,991,950,1107,1168,1311,1452,1624,1796,1641,1249,1144,1114,1227,1400,1579,1555,1914,2290,2364,2005,1656,1405,1530,1486,1471,1623,1767,1835,1961,1997,1699,1619,1334,1187,1184,1214,1563,1615,1709,1418,1371,1438,1456,1260,1250,1462,1337,1384,1463,1536,1698,1739,1527,1483,1151,1165,1379,1382,1780,2149,2065,2177,2166,1968,1706,1538,1563,1525,1621,1853,2112,1980,1711,1465,1472,1500,1470,1547,1730,1850,2119,2009,1794,1657,1385,1250,1286,963,1029,1469,1840,1846,1590,1391,1421,1357,1410,1406,1454,1677,1856,2018,1834,1389,1334,1435,1427,1738,1836,1864,2081,2297,2564,2247,2091,2034,1708,1695,1634,1425,1588,1968,2172,2338,1928,1582,1528,1697,1522,1530,1812,2221,2317,2176,2048,1346
1219,1524,1542,1362,1185,1247,1089,975,1229,1381,1504,1490,1556,1345,1349,1356,1415,1540,1616,1555,1717,1830,1838,1619,1477,1500,1742,1610,1409,1304,1541,1790,1853,1916,1616,1839,1814,1665,1535,1347,1194,1340,1618,1603,1586,1498,1407,1100,1045,1249,1172,1230,1498,1697,1502,1162,1126,1121,1234,1197,1005,972,1192,1265,1205,1225,1244,1368,1307,1290,1487,1232,1137,1224,1361,1404,1261,1193,1213,1298,1252,1242,1176,1362,1329,1554,1385,1403,1438,1398,1097,1114,1274,1292,1165,883,884,1027,1064,1024,1300,1405,1302,1251,1142,1168,1229,1233,1360,1327,1395,1432,1459,1526,1615,1667,1564,1735,1669,1737,1564,1439,1347,1446,1503,1524,1291,1371,1456,1516,1561,1521,1528,1550,1585,1739,1716,1555,1555,1570,1367,1265,1222,1050,966,1383,1473,1320,1223,1294,1308,1734,1689,1586,1432,1731,1763,1947,1786,1552,1520,1345,1426,1606,1491,1414,1497,1767,1877,2018,1876,1845,1880,1598,1449,1455,1507,1649,1533,1471,1309,1368,1475,1579,1591,1623,1618,1825,1860,1635,1550,995
829,1218,1256,1187,1100,1000,1062,1041,980,1224,1236,1253,1407,1720,1676,1634,1496,1372,1312,1374,1441,1748,1541,1381,1294,1483,1577,1566,1455,1475,1740,1705,1723,1558,1530,1457,1633,1701,1658,1696,1875,1742,1727,1591,1842,1716,1522,1082,1009,1156,1117,1077,1061,1311,1563,1235,1070,1289,1221,1258,1289,1292,1279,1351,1675,1457,1319,1519,1401,1283,1110,976,1140,1348,1358,1748,1755,1544,1322,1372,1568,1654,1580,1624,1615,1841,1769,1413,1220,1316,1211,1229,1140,1187,1371,1045,1096,1361,1208,1303,1199,1195,1293,1191,1135,1213,1104,1163,1165,1349,1366,1263,1390,1424,1366,1283,1423,1618,1669,1737,1729,1585,1635,1392,1354,1456,1511,1429,1366,1556,1681,1649,1735,1591,1459,1528,1657,1492,1366,1414,1412,1307,1191,923,928,1170,1381,1229,1257,1215,1189,1362,1366,1397,1539,1631,1660,1725,1641,1587,1620,1771,1886,1662,1764,1778,2039,2170,1928,1815,1557,1625,1763,1537,1374,1250,1420,1691,1658,1702,1567,1662,1794,1659,1513,1273,1344,1618,1763,1799,1736,1217
1101,1453,1680,1760,1490,1461,1253,1169,1276,1520,1751,1731,1451,1255,1419,1484,1500,1498,1332,1633,1968,2236,1953,1625,1691,1730,1689,1692,1625,1381,1639,1725,1783,1473,1533,1622,1775,1964,1612,1640,2066,2174,1994,1874,1656,1370,1344,1159,995,1304,1189,1319,1328,1414,1224,1039,1272,1473,1348,1226,1216,1257,1456,1537,1724,1491,1380,1277,1368,1306,1187,1270,1435,1595,1810,1782,1725,1719,1642,1616,1614,1643,1571,1690,1822,1685,1658,1786,1481,1526,1512,1602,1454,1473,1336,1014,1152,1416,1347,1170,1141,1242,1323,1331,1313,1269,1387,1521,1337,1502,1226,1151,1224,1513,1541,1685,1668,1635,1938,2102,1882,1555,1420,1576,1846,2008,1932,2010,2026,1943,2000,1856,1497,1455,1638,1884,1772,1841,1600,1502,1522,1383,1375,1038,982,1325,1445,1560,1396,1312,1429,1518,1378,1149,1085,1519,1527,1726,1904,1705,1831,1650,1580,1588,1767,1895,2321,2604,2782,2396,2115,1716,1712,1520,1481,1406,1418,1918,2157,2042,2141,1943,1608,1565,1610,1643,1580,1687,1869,2487,2387,1792
1833,2214,2467,2173,1825,1433,1420,1482,1499,2097,2428,2361,1770,1297,1324,1476,1587,1706,1594,2031,2701,2684,2147,1683,1762,1802,2076,2047,1755,1875,2559,3178,3349,3007,2236,1932,1787,1989,2061,2726,3101,3574,3367,3010,2028,1759,1445,1106,1255,1503,1649,1934,2006,1962,1920,1645,1502,1730,1482,1510,1478,2023,2518,2631,2137,1669,1641,1490,1252,1445,1459,1834,2346,2698,2880,2485,2385,2266,1866,1590,1804,2147,2580,3411,3519,3239,2497,1874,1684,1613,1769,1883,1953,3176,3668,3085,1860,1755,1332,1301,1277,1365,1657,2157,2703,2669,2494,2055,1699,1349,1081,1449,1442,1479,2109,2566,2384,2523,2152,1744,1498,1756,1892,2143,3047,3563,4076,4025,3447,2568,2084,1587,1616,1937,2567,3458,3783,3957,3503,2555,1824,1620,1330,1112,1361,2304,3310,3864,3595,2779,2059,1532,1364,1261,1581,2286,3228,4122,4111,3565,2996,2403,2098,1859,1791,2350,3234,4736,5132,4804,3836,2621,1938,1776,1563,2020,2758,3644,4811,5172,4457,3057,2046,1911,1786,1956,2269,3038,4386,5354,5385,3635
3846,4571,4054,2767,1972,1674,1864,1866,2749,3763,4641,4011,3417,2448,1722,1443,1555,1856,2254,4180,6098,6839,6039,4275,3104,2475,2012,2274,2414,3477,4989,5869,6173,4651,2953,2478,2072,1835,2011,3120,4789,6108,6553,5415,3531,2372,1548,1008,1318,1723,2550,3857,4757,4732,3358,2301,1535,1494,1558,1766,2328,3861,4991,5092,4775,3317,2003,1667,1449,1558,2200,3029,4494,4962,4973,4336,3040,1969,1839,1978,2372,3623,4726,6033,6052,5705,4430,2702,1841,1704,1722,2033,3535,5182,5684,4622,3706,2850,1895,1472,1536,1964,2651,4237,5301,5353,5009,3522,2259,1643,1328,1446,1943,2976,4223,4456,5132,4498,3324,2244,1861,1998,2302,3269,5092,6235,6846,6689,5807,4325,2651,2045,1941,2725,4370,6091,6651,6804,5997,4112,2839,1791,1298,1017,2317,4302,5875,6383,5870,4432,2979,2179,1810,1914,2516,3789,5304,6703,6969,6351,4712,2979,2145,2097,2639,3357,5859,7619,8300,7779,6617,4114,2951,2168,1796,2646,4023,6044,7501,7832,7308,5455,3199,2139,1835,1884,2612,5004,6955,8065,8068,6302
5409,5987,5667,4522,3055,1879,1740,2566,3882,5732,6412,6417,5474,4303,2698,1972,1701,1958,3372,5988,8019,8508,8241,6456,4624,3081,2463,2655,3199,5041,7145,7780,8064,6610,4832,2953,2333,2224,2633,4233,6160,7404,7166,6753,5073,3230,2177,1410,1487,2371,3882,5953,6745,7219,5675,3885,1995,1486,1467,1920,3155,4881,5764,6136,5912,4282,2599,1492,1500,1827,3116,4784,6001,6606,6498,5738,3931,2451,1611,1778,2976,4681,6567,7488,7712,7170,5933,3939,2205,1695,1867,2882,4714,6352,6892,6084,5803,4543,2973,1985,1890,2118,3614,5845,6812,6914,6854,5509,3563,2189,1812,1718,2340,3710,5767,6660,7109,6184,5011,3373,2359,2177,2632,4876,6882,8040,8330,8136,7402,4855,3187,2194,2163,3378,5490,7685,8117,8113,7722,5787,3837,2499,1651,1153,2862,4928,6234,7185,6947,5362,3488,2326,1998,2268,3141,5206,6838,7932,8134,7586,5760,3569,2460,2162,2614,4351,6974,8440,9319,8908,8369,6128,3839,2546,2588,3522,5304,7427,8525,8705,8484,6812,4703,2903,2350,2379,3849,6169,8302,8756,8710,7486
5934,6926,6612,5207,3406,2360,2167,2923,4181,6233,7518,7752,6838,5967,3756,2868,2542,2768,4405,7383,9031,9559,8938,8140,5525,3822,3048,3041,4416,6741,8397,8620,9351,8640,6724,3992,2646,2455,2885,4293,6859,7861,7732,7527,5955,3808,2031,1245,2146,3614,5645,6860,7476,7553,6918,4767,2710,1687,1672,2373,4079,5890,6389,6811,6139,5063,2876,1648,1726,2096,3306,5458,6910,7371,7178,6820,4353,2562,1708,1955,2893,5171,6651,7161,7818,8067,6940,4081,2464,1822,2160,3497,5306,6711,7015,6304,6535,5598,3549,2357,2393,3017,4759,6618,7261,7655,7281,6296,3791,2393,1800,2189,3304,5023,6666,7522,7383,7318,5980,3973,2615,2399,2844,5385,7560,8255,9208,9159,8239,5707,3959,2775,2606,3693,5840,7750,8581,8524,7932,6071,3737,2391,1738,1305,3573,5702,6687,7274,6911,5892,4325,2616,2026,2571,3820,5752,7380,7952,7864,7701,6743,5008,3297,2369,2690,4690,7325,8541,8962,9022,8174,6295,3931,2655,2202,3385,5984,8329,8905,8892,8202,6580,4291,2452,2071,2709,4162,6805,8429,9021,8993,7806
6253,7020,6925,5531,3719,2456,2072,2782,4899,6859,7463,7281,6575,4948,3317,2305,2090,2366,4396,6801,9096,9370,9082,7861,5301,3287,2648,3201,4744,6567,8492,8496,8751,8388,6864,4284,2997,2871,3622,5491,7402,8041,8669,7652,6645,4038,2434,1637,1973,3443,5462,6794,7111,7052,6503,4549,2169,1506,1799,2634,4247,5969,6269,6414,6669,5280,3172,2003,1838,2068,3536,5876,6944,7273,7214,6504,4414,2601,1765,1827,2948,4854,6682,7519,7699,7555,6388,4388,3289,2688,2493,3152,5114,6500,6829,5677,6493,5903,3921,2378,1802,2547,4239,6199,6883,7316,6829,5906,3959,2683,1997,2086,3063,4942,6952,7503,7969,7713,6141,4050,2925,2505,3092,4845,7613,8842,9120,9537,8658,5825,3613,2490,2561,3913,6385,8042,8354,8414,7508,5282,3218,2252,1533,1295,3443,5903,7050,7224,6802,5686,3991,2587,2047,2263,3613,5592,7159,8159,7933,7482,6641,4155,2786,2494,3148,5058,7697,8853,9603,8562,7753,5178,3430,2493,2763,3900,5621,7113,7907,8236,7469,6192,3955,2873,2371,2558,3600,6144,8177,9022,8393,7330
5968,6461,6125,4850,3155,2222,1913,2384,4223,5901,7087,7491,6667,4961,3155,2238,1824,2128,3740,6487,8050,8775,8350,6679,4223,3123,2692,2765,4074,5889,7864,8257,8405,7595,5888,4127,2928,2710,3318,4715,6734,7724,7831,7530,5656,3417,2220,1418,1472,2644,4171,5862,6372,6463,5749,3600,2157,1625,1613,2258,3507,5105,5856,6296,6208,4353,2677,1892,1970,2226,3076,4406,6153,6977,6852,5949,4037,2683,2003,1786,2621,4138,5561,6006,6557,6498,5375,3296,2225,2099,2256,2669,4128,5356,6119,5245,4784,4029,2339,1644,1666,2489,3455,5106,6150,6343,5775,4536,2911,2047,1612,2080,2938,3998,5854,6629,6848,6932,5371,3528,2363,2184,2746,4087,6293,7722,8431,8133,6564,4402,3240,2542,2415,3120,4777,6898,7778,7634,6869,5047,3041,1981,1724,1444,3161,5013,6188,6536,5615,4425,2950,2303,2028,2053,2724,4141,5960,7208,7546,6888,5458,3551,2464,2120,2464,3659,5569,7430,8640,8137,6996,4591,3135,2420,2326,2739,4020,5576,6417,6459,5986,4325,3143,2433,2051,2403,3139,5008,6499,7696,7463,5829
4431,4911,4684,3167,2337,1864,1623,1821,2453,3742,4852,5649,5015,3531,2508,2091,2091,2028,2819,4402,6687,6984,6459,5059,3164,2477,2450,2349,2911,3786,5406,6341,6207,5514,3858,3043,2629,2551,2487,3249,4495,6095,6111,5536,3768,2659,1841,1272,1374,1905,2990,4107,4768,4700,3819,2413,1714,1962,2024,2393,3136,3427,4328,4657,4359,3003,1890,1381,1568,1927,2233,2833,4032,4808,4840,3901,2432,2049,1929,2205,2417,2889,3538,4291,4816,4633,3772,2861,2276,2097,1878,2259,2715,3428,3939,3588,2911,2707,2111,1776,1683,1782,2128,2785,3623,4440,3619,2748,2044,1602,1367,1690,2197,2818,3375,4481,4444,4393,3456,2426,1774,1809,2288,3011,4006,5339,6091,5762,5096,3703,2730,2462,2526,2507,3086,4553,5163,4646,3936,2915,2340,2016,1729,1288,1820,3207,3989,4004,3392,2860,1815,1633,1593,1571,1832,2706,4032,5105,5272,4201,2972,2207,1883,1879,1860,1921,3057,4384,5454,5096,4381,3355,2530,1869,1873,1981,2627,3438,4169,3890,3366,2610,2011,1968,2003,2085,2111,2965,4129,4909,4302,2821
1964,2582,2419,2002,1686,1461,1379,1392,1869,2106,2598,2904,2532,2114,1717,1726,1585,1798,2161,2537,3538,4050,3449,2590,2018,2302,2246,2299,2387,2542,2913,2974,3081,2898,2432,2313,2494,2407,2341,2182,2603,3174,3053,2626,1965,1827,1574,1151,1491,1638,1945,2192,2581,2644,2148,1823,1504,1729,1645,2045,2069,2171,2220,2415,2192,1783,1670,1563,1623,1859,1969,1904,2054,2176,2462,2245,2000,1835,1825,1838,1862,1828,1883,2371,2744,2425,2303,1935,1910,1785,1697,1929,2319,2247,2440,2235,1566,1626,1573,1420,1352,1565,1896,1898,2192,2208,1936,1692,1653,1574,1427,1598,1662,1653,1949,2325,2286,2541,2518,2359,2228,2300,2287,2287,2342,2643,2765,2817,2998,2414,2350,2014,2122,2199,2332,2726,2414,2383,2146,1999,1818,1511,1663,1215,1446,2171,1954,1718,1495,1537,1634,1414,1617,1723,1987,2397,2478,2584,2378,1775,1753,1577,1598,1662,1718,1845,1980,2728,2835,2748,2505,2346,1980,1698,1610,1862,2203,2369,2461,2400,1949,2011,1967,1847,1874,1803,1841,1895,1865,2060,1791,1318
912,1168,1424,1429,1444,1434,1599,1557,1557,1560,1778,1821,1813,1574,1548,1430,1408,1315,1485,2089,2428,2483,2302,2063,2001,2132,2202,2046,2058,1961,2162,2351,2371,2114,1945,1972,1893,2287,2038,1944,1879,1948,2253,2013,1787,1684,1677,1271,1545,1577,1521,1543,1611,1647,1495,1403,1591,1713,1689,1707,1763,1723,1833,2078,2066,1681,1485,1531,1622,1952,1948,1741,1727,1619,1764,2022,1958,1815,1757,2055,2198,2008,2129,1848,1697,1939,2137,2604,2248,2119,2190,2139,2058,1957,1935,1693,1814,2077,2102,2007,2065,2005,1948,1658,1868,1737,1609,1709,1638,1580,1554,1619,1891,2077,1776,2081,2116,2144,2162,2107,2061,2235,2130,2112,2332,2204,2046,2322,2609,2766,2478,2071,2141,2351,2413,2291,2445,2085,1969,2032,1960,1825,1690,1194,1239,1671,1665,1568,1285,1466,1592,1681,1483,1460,1650,1974,2031,1976,1835,1879,1958,2177,2309,1848,1566,1658,1842,1953,2085,1905,1946,2027,2183,2080,2009,2170,2390,2294,2221,1943,1835,1706,1784,1798,1946,1716,1726,1443,1524,1916,1797,1290
1085,1632,1690,1835,1697,1728,1725,1707,1635,1651,1877,2138,1993,1521,1624,1680,1791,1742,1755,1772,2018,2439,2499,2337,2143,1963,2045,2140,2108,2364,2269,2472,2199,2014,1871,2025,2379,2339,2331,2394,2181,2141,2252,2202,2062,1919,1691,1218,1468,1464,1534,1639,1584,1599,1936,1944,1578,1515,1536,1477,1632,1719,1688,1883,1861,1564,1618,1618,1604,1696,1696,1770,1649,1743,1900,1659,1633,1776,1824,2029,2001,2045,2065,2130,2321,2416,2381,2331,2338,2021,1955,2186,2171,2094,2174,1743,1635,2187,2223,2199,1974,2149,2130,1904,1709,1773,1686,1775,1913,1818,1958,2006,1972,1944,2013,1675,1659,2038,2032,1859,2006,1983,1989,2216,2303,2353,2133,2498,2453,2486,2455,2359,2232,2317,2351,2724,2851,2535,2326,2003,1973,1595,1328,996,1158,1417,1576,1879,1875,1888,1940,1823,1624,1495,1628,1673,1898,2099,1960,1987,2119,2229,2145,2128,2128,2021,2113,2132,2301,2233,1968,1931,1987,1613,1673,1734,2272,2173,2290,2222,2351,2002,1938,1908,1887,1554,1542,1639,1949,2145,1863,1428
1339,1834,1669,1801,2047,2030,1802,1809,1949,2266,2667,2478,2079,1740,1489,1657,1681,1686,1969,2156,2340,2670,2898,2463,2064,2202,2300,2265,2224,2302,2228,2373,2649,2647,2331,2406,2434,2437,2299,2248,2135,2373,2524,2611,2096,1677,1531,1151,1229,1731,1756,1854,1877,2008,1731,1821,1779,1732,1733,1914,2157,2006,2180,2475,2307,2242,2005,1770,2031,2108,2057,1884,1982,2222,2187,2357,2218,2116,2076,2178,2154,2214,2109,2734,2972,2803,2388,1992,2204,2591,2275,2415,2215,2017,2223,2119,1735,1892,1860,1875,1920,1769,1855,2003,2267,2297,2118,2153,2119,2205,1862,1711,1989,1983,2136,2346,2729,2489,2295,2301,2096,2110,2208,2242,2647,3249,3131,2934,2889,2825,2636,2489,2261,2356,2315,2772,2923,2767,2627,2452,2042,1906,1681,1079,1109,1500,2162,2372,1936,2050,2122,1839,1465,1553,1758,1838,2356,2756,2746,2262,2292,2265,2051,2107,2194,2242,2947,3321,3230,2974,2560,2475,2729,2092,2028,2234,2810,3260,3437,3049,2567,2256,2017,1645,1600,1953,2057,2712,3262,3260,2954,2159
3106,3767,2924,2261,2077,1979,1684,1798,2301,3302,3932,4050,2965,2026,1883,1756,1814,1985,2292,2687,3817,4841,4234,3428,2792,2459,2401,2365,2652,3292,4237,5200,5087,4153,3363,2856,2604,2555,2550,2689,3209,4033,3900,3197,2756,2216,1894,1452,1289,1647,2097,2537,2918,3017,2598,1854,1947,2114,2221,2311,2770,3488,4175,4267,3821,3010,2280,2108,2022,2187,2395,2522,3237,3719,3989,3445,2469,2010,2057,1995,2461,2755,3330,4503,4958,4397,3917,2868,2188,2007,2206,2513,3277,4214,4284,3897,2716,2910,2097,1716,1667,2134,2320,3054,4198,3973,3856,3036,2318,2062,2047,2119,2141,3020,3754,4247,4624,4263,3338,2782,2224,2131,2894,3370,4007,5834,6182,6055,4644,3411,2831,2933,2942,2868,3541,4686,5636,5540,4565,3723,3059,2402,1921,1385,1781,3137,4312,4969,4072,3432,2699,2241,1763,1742,1933,3105,4470,5637,5538,4634,3430,2549,2381,2215,2222,2734,3994,5681,6138,5881,4583,3513,2907,2204,2072,2222,2908,4203,5420,5427,4711,3940,2816,2372,2369,2284,2559,3689,5496,6264,5910,3997
6109,6665,5574,4262,2870,2026,1791,2228,3158,5376,7227,7252,6143,4140,2900,2267,1984,2205,3153,4812,7050,8121,8145,6797,4911,3427,3063,3013,3444,5189,7639,8644,9032,7084,4703,3508,2898,3111,3556,4501,6349,7936,7965,7423,5523,3880,2424,1709,1623,2432,3555,4855,5687,5895,4757,3183,2261,1816,1842,2592,3475,4908,6022,6495,6370,4570,3330,2454,2339,2401,3045,4156,6063,6769,7221,6173,4595,3013,2298,2146,2481,3837,5766,6932,7292,7051,5847,4108,3079,2631,2779,4103,5540,7335,7293,6746,6527,6275,4021,2957,2621,3001,3860,5610,7242,7299,7073,5582,3784,2650,2141,2382,2456,4203,5880,7287,7444,6318,4630,3451,2460,2352,3023,4689,6932,8665,9263,8885,7403,5118,3801,3027,3087,3612,5392,7765,8837,8758,7993,6012,4444,2784,1812,1244,3886,6149,7674,7911,7374,5656,3754,2450,1925,1898,2671,4371,6211,7595,7588,7122,5690,3881,2702,2304,2820,3894,5680,8502,9577,9309,7889,5793,4389,3181,2726,2792,4556,6798,8192,8332,7561,5794,3966,2438,2162,2552,3380,5198,7270,7965,8169,6966
7738,8601,7592,5925,3812,2619,2400,3395,5324,7701,9040,8713,8080,6310,4439,3060,2497,2746,4237,6702,8493,9346,9194,7817,5777,3748,3085,3244,4263,6237,8724,9853,9940,9383,7462,4793,3313,3209,3549,4744,7178,9046,9275,8860,6979,4892,2693,1589,1834,3050,4892,6995,7457,7833,6863,5145,2910,2095,2161,3511,5219,6687,7390,7717,7482,6105,3571,2388,2284,2858,4053,6085,7607,8744,8532,7894,6059,3850,2752,2698,3634,5257,7029,8150,8819,8696,7323,4493,2742,2484,2947,4318,6583,8433,8401,7449,8355,7554,5345,3773,3290,4235,5478,7441,8158,8963,8421,7392,5200,3408,2492,2907,4149,6427,8165,9103,8924,8679,6988,4502,3236,2735,3685,4974,8141,9497,9472,9528,8886,6676,4553,3475,3722,4591,6993,9067,9797,9279,8660,7158,4988,3224,2090,1636,4781,7503,8904,8999,8509,7272,5100,3285,2163,2158,2871,4928,6748,7593,7538,7460,6959,4685,3511,2836,3503,5371,7327,9185,9783,9285,8828,6961,4297,3188,2963,3135,5651,8142,9131,9568,9087,7712,5235,3082,2509,2688,4083,6055,8155,9107,9073,7541
8479,9203,8895,7285,4719,3086,2839,3789,5842,8072,8926,8857,8761,7047,4932,3781,3125,3471,5299,7552,8866,9842,9141,8494,6475,4506,3932,3898,4948,6749,9419,10053,10114,9976,8055,5064,3322,3581,4605,6655,8610,9676,9597,9505,7765,5128,2867,1778,2405,4135,6633,7930,8432,8566,8194,6092,3488,2664,2720,3584,5238,7198,7879,8200,7633,6311,4141,2703,2640,3523,4396,6526,8236,8796,8911,8312,6556,4075,3113,2860,3814,5888,7934,8830,8978,8423,7215,4317,3013,2558,3179,4432,6479,7948,8281,7493,8340,8134,5553,4094,3404,4431,6751,8294,9040,8868,9377,8039,5488,3400,3142,3478,5378,7192,8859,9141,9149,8828,7858,5159,3083,2755,3883,5951,8158,9673,9693,9859,9717,7357,5238,3915,4211,5794,8363,9661,10121,9929,9252,7056,4702,3046,2236,1532,4648,7420,8861,9054,8806,7484,5679,3597,2445,2243,3457,5558,6988,7464,7768,7349,6864,5064,3274,2861,3262,4771,7460,9340,9591,9439,8627,6884,4422,3254,3001,3908,6031,8171,9315,9524,9165,7914,5421,3671,2803,2743,4711,7419,8966,9422,8827,7767
8412,9063,8744,7141,4782,3257,2675,3627,5842,7795,8582,8833,8320,6652,4615,3272,2758,3002,5134,7682,9237,9632,9037,7906,5495,4070,3644,3982,5354,7573,9322,10421,10132,9791,8136,5445,3706,3600,4184,6701,8789,9236,9667,9296,8255,5473,3257,2056,2148,4201,6078,7848,8449,8987,7978,5866,3384,2277,2422,3054,5090,6785,7662,7863,7219,6335,3988,2741,2432,3228,4651,7022,8450,8860,9314,8920,6834,4732,3309,3182,4088,5718,7583,8305,8224,7793,6630,4135,2603,2147,2754,4161,6894,8364,8700,7412,7860,7178,5023,3329,2611,3078,5782,8180,9075,9101,8693,7307,4974,2939,2472,2978,4213,6520,7978,8635,9054,8031,7035,4899,3004,2833,3519,5785,8186,9370,9695,9768,8425,6243,3985,3227,3653,5083,8003,9871,10165,10062,9435,7720,5191,3482,2386,1827,4531,7378,8640,9263,8688,7203,5354,3397,2487,2510,3738,5643,7122,7868,8050,7766,6344,4198,2718,2388,2673,4269,6977,8497,8633,8537,8186,6214,4253,3364,2870,4021,5723,8167,9385,9532,8865,7068,4861,2905,2342,2684,3870,6594,8355,9205,8871,7590
7903,8303,7815,6179,4171,3146,2610,3129,4875,6532,7472,7469,6917,5165,3547,2654,1962,2676,4454,6849,8417,9022,8739,7376,5447,3935,3423,3400,4090,5912,8737,9636,9869,9141,7019,4437,3700,3793,3590,4839,6820,8639,8566,8021,6919,4361,2685,1661,2127,3101,4403,6437,7570,7689,6985,4616,2777,2172,1929,2433,3713,5526,6723,7044,6914,5853,2966,2163,2159,2639,3731,5789,7662,8143,8564,7861,5508,3198,2452,2400,2607,3924,5679,7515,7571,7585,5863,3843,2890,2317,2552,3550,5739,7453,7747,7205,6818,6028,4033,2962,2668,3433,4600,6385,7440,8049,7763,6570,4508,2881,2150,2500,3516,4828,7382,7864,7990,7380,6103,4102,2950,2411,2947,3779,5917,8154,8465,8209,7263,4798,3304,2642,2976,4901,6618,8390,9079,8722,8028,6187,4246,3031,2353,1724,3052,5488,7896,8141,7455,6077,3849,2682,1999,2165,2677,3877,5932,7294,7101,6496,5398,3636,2580,2581,2712,3590,5465,7048,8087,7906,7105,5273,3870,2802,2581,2995,4794,6758,8195,8344,7687,5893,4199,2964,2776,2719,3548,4721,6827,7705,7705,5696
6053,6467,5435,4461,3234,2721,2558,2880,3490,4385,5497,5389,4471,3383,2887,2294,2210,2306,2663,4183,6240,6808,6272,5161,3578,3004,2987,2981,3529,5107,7516,8464,8116,7196,5586,3953,3500,3375,3567,3956,5047,6349,6270,5526,3934,2763,2323,1789,1827,2497,3546,4472,5588,5324,4454,3261,2280,2109,2252,2256,2699,3866,4653,5174,4772,3719,2790,2320,2504,2915,3389,3786,5298,6640,6463,5399,4001,2968,2568,2691,2838,3103,4174,5134,5646,4843,4082,3033,2544,2119,2317,2520,3207,3969,5410,4689,4138,3520,2710,2578,2432,2468,3391,4471,5685,5551,5172,4189,2648,2396,2038,2602,3353,4123,5140,5749,5344,4740,3806,3166,2458,2354,2484,2964,4052,5101,5181,5265,4707,3465,2791,2960,3078,3670,4484,5709,6376,6035,5350,3807,3151,2785,2236,1847,2581,3970,5214,5508,4851,3692,2811,2196,2189,2069,2483,3105,3703,4169,4320,3725,3157,2686,2500,2419,2197,2382,3285,4709,5342,4925,4448,3458,2941,2412,2572,2495,3397,4361,5353,5302,4892,3640,2910,2526,2463,2410,2486,3144,3895,4596,3796,2694
3162,3624,3214,2636,2379,2236,2278,2488,2540,2561,2938,2982,2401,2114,2104,2043,1961,2102,2452,3251,4071,4443,3732,3195,2758,2523,2809,3088,3269,3481,4261,5264,4993,4308,3725,3204,3051,3358,3430,3087,3061,3306,3010,2961,2267,1885,1723,1395,1478,1848,2227,2189,2634,2796,2652,2092,2101,2341,2251,2290,2103,2436,2737,3076,3227,2371,2212,2124,2152,2465,2440,2555,2631,3104,3303,3005,2523,2213,2400,2405,2241,2145,2450,2553,2994,2789,2626,2424,2305,2373,2163,2189,2467,2825,3100,2805,2531,2562,2295,2136,2219,2346,2525,2431,2617,2825,3161,2695,1998,1655,2017,2279,2771,2585,2805,3156,2831,2659,2542,2122,2366,2332,2414,2552,2796,2837,2885,2438,2656,2737,2676,2623,2578,2536,2858,3201,3318,3183,3005,2415,2365,2426,2251,1609,1744,2432,2608,2778,2788,2414,2041,2033,1913,1851,1954,2154,2134,2289,2494,2045,2185,2032,2227,2149,2196,2499,2546,3063,3171,2832,2677,2306,2609,2241,2017,2057,2303,2377,2552,2924,2749,2533,2082,2035,2034,2067,2253,2343,2202,2226,2041,1469
1513,1914,1988,1874,1731,1616,1611,1886,1964,2237,2158,2106,2263,2144,1861,2058,2161,2227,2337,2385,2398,2837,2710,2227,2138,2581,2676,2629,2689,2852,3052,3472,3425,3113,2970,2670,2611,2817,2817,2822,2684,2411,2635,2641,2065,1854,1647,1346,1296,1788,1956,1804,2052,2149,1808,1794,2078,1785,1808,1760,2073,2043,2175,2368,2199,2043,1826,1736,1988,2381,2237,2223,2180,2231,2515,2584,2532,2324,2103,2266,2133,2266,2340,2291,2413,2649,2811,2686,2474,2538,2522,2902,2605,2482,2522,2290,1857,2247,2270,2149,2246,2365,2170,1820,1846,1905,1890,2203,1960,1841,2176,2639,2738,2598,2467,2174,2070,2026,1958,2239,2070,1942,2284,2572,2835,2931,3042,2985,2692,2476,2272,2240,2280,2514,2732,2843,2617,2401,2531,2448,2492,2188,1831,1436,1541,2322,2409,2584,2206,2035,1897,1894,2145,2120,2347,2192,2263,2250,2254,2071,2171,2135,2229,2031,1817,1865,2034,2312,2534,2434,2144,2302,2199,2339,2260,2356,2201,2343,2359,2337,2196,1960,1946,1951,1740,1553,1599,1878,1804,2023,1877,1296
1533,1820,2138,2217,2224,2084,2088,2293,2466,2539,2609,2223,2199,2091,2148,2174,2194,2165,1902,2085,2336,2126,2010,2138,2024,2299,2539,2785,2441,2374,2618,2813,2779,2769,3080,3005,2994,2802,2871,2774,2766,2680,3064,2948,2644,2476,1835,1461,1482,1576,1836,2093,2076,2052,1629,1430,1579,1753,2060,1914,1806,1891,2198,2166,2570,2334,1940,1928,2209,2546,2403,2095,2011,2010,2350,2500,2623,2327,2729,2822,2508,2130,2384,2428,2615,2585,2642,2435,2242,2072,2389,2822,2625,2483,2163,1605,1780,2394,2540,2254,2096,2203,2173,1899,1961,2161,2397,2537,2511,2589,2578,2289,2557,2809,2702,2403,2294,2725,2382,2210,2186,2444,2557,2280,2301,2398,2541,2583,2808,2720,2646,2670,2604,2842,2932,3115,3048,2599,2441,2463,2414,2180,2099,1745,1862,2671,2551,2249,1915,1782,1816,1660,2062,2211,2257,2107,2222,2254,2241,2096,2219,2137,2497,2610,2374,2417,2629,2587,2515,2265,2265,2216,2218,2390,2387,2169,2347,2429,2493,2546,2374,2175,2108,2116,2078,2077,2041,2257,2086,2028,1979,1429
2202,2716,2646,2465,2508,2430,2218,2371,2542,2775,2497,2481,2715,2772,2372,2271,2464,2122,2391,2847,3290,3199,2687,2384,2391,2406,2698,2681,2931,2720,3083,3449,3342,2743,2605,2448,2548,2478,2523,2790,3001,3088,3577,3612,2893,2977,2253,1711,1577,1976,2080,2268,2660,2916,2604,2251,2291,2186,2108,2085,1792,1781,2030,2244,2457,2000,1922,1944,2224,2489,2610,2559,2561,3050,3006,2952,3200,2614,2185,2413,2700,2696,2870,2955,3169,2966,2623,2497,2314,2140,2187,2371,2231,2247,2248,1978,2107,2270,2051,2012,2314,2385,2661,2505,3027,3144,2872,2594,2616,2443,2326,2270,2663,2630,3051,3184,3139,2786,2630,2687,2366,2281,2462,2593,2815,3068,3163,3177,3192,3271,2836,2693,2619,2718,3313,3869,4392,3984,3235,2567,2086,2235,2193,1829,1793,2652,2841,2668,2503,2434,2325,2070,2050,1923,2438,2654,3303,3940,3729,2992,2839,2720,2400,2059,2120,2410,2703,3363,3459,2951,2633,2226,2088,2111,2233,2232,2436,3148,3602,3806,3593,2819,2598,2368,2006,1669,1831,2432,2943,3267,3168,2312
4029,4877,4636,4224,3891,3164,2854,2620,2878,4600,4631,5322,4566,3340,2437,2319,2339,2329,2737,4059,4992,5434,4966,4106,3332,3022,3046,2978,3468,4501,5821,6879,6929,5731,4346,3604,3288,2790,2743,3462,4455,6014,6612,5841,4244,3120,2499,1880,1594,1921,2679,3726,4452,4569,3858,2650,2047,1832,2134,1914,2434,3541,4345,4752,4342,3246,2629,2400,2391,2724,3270,4314,5144,5881,5952,5167,3968,3118,2745,2577,2824,3275,4108,5325,6149,5508,4551,3489,2784,2376,2600,2774,3319,4204,5041,4813,4310,3826,2975,2583,2744,2838,3442,4486,5629,6378,5864,4785,3687,2853,2321,2381,3182,4055,5410,6846,6752,5790,3992,3166,2714,2546,3061,3664,4511,5552,6129,6291,5270,4805,3614,2972,3014,3472,4156,6027,7366,6924,5851,3950,3203,2814,2199,1679,2476,4375,5615,6083,6068,4736,3161,2709,2304,1858,2322,3320,5044,6777,6827,5794,4446,3239,2728,2295,2518,3192,4420,5821,6850,6739,5546,4246,3440,2697,2742,2724,3885,5535,6636,6725,6390,4894,3408,2420,2089,2182,2705,4030,5760,6478,6171,4597
6651,7355,6656,5131,4398,3573,2938,2973,4146,6429,7257,7983,6924,5000,3330,2670,2658,3114,4289,6481,8504,9029,8882,8049,5649,4305,3618,3741,4463,6470,8751,9594,9443,8530,6243,4732,3879,3820,4335,5129,6605,8352,8802,8177,6387,4524,3158,2155,2139,3243,4692,6719,7616,7576,6362,4479,2926,2283,2398,3281,4455,6104,6720,7052,6743,5051,3764,2777,2460,3280,4281,6374,7887,8514,8991,8137,5842,3816,3119,2973,3860,4873,6677,7745,8152,7928,6260,3959,3002,2529,2730,3911,5509,7029,7622,6731,7081,5648,3828,2909,2680,3427,5016,6784,8526,8991,9355,7603,5057,3304,2608,2720,3815,5436,7317,8517,8990,8608,6176,4171,3266,3067,3668,5219,7547,9048,9501,8821,7927,5315,3750,3065,3321,4232,6269,8879,9935,9468,8719,6465,4324,3042,2031,1648,3775,6495,8174,8482,7670,6800,4862,3532,2813,2763,3269,5035,7168,8142,8562,7801,6580,4514,2992,2861,3330,4509,7227,8753,9455,8781,7724,5802,3531,2595,2394,3048,5270,7550,9150,9333,9176,7832,5578,3571,2831,2918,3917,6393,7870,8571,8273,6347
7567,8788,8159,6974,5131,4379,3966,4121,5740,8137,9081,9061,8641,7259,5317,3699,3484,3807,5063,7442,9230,10229,10478,9399,7513,4928,3528,3705,4661,6837,9144,10272,10327,9836,8088,5470,4312,4346,4829,6272,8226,9344,10045,9925,8465,6186,3611,2240,2268,4037,5993,7739,8598,8843,8058,6149,3532,2561,2556,3314,5280,7527,8375,8718,7956,7118,4406,2951,2822,3798,5203,6750,8871,9628,9701,8766,7398,5150,3568,3666,4402,6086,8205,8699,9675,9377,8495,5483,3721,2847,3104,4808,6775,8328,8418,7664,8480,7998,5385,3896,3254,4304,6340,8310,9541,9805,9796,8668,5950,3890,2646,2620,4449,7001,8832,9946,9923,9639,7925,5435,3572,2954,3668,5859,8497,9329,10275,10113,9049,6496,4638,3770,3603,4867,7697,9398,10351,10347,9523,7657,5432,3637,2584,1779,4607,7716,9403,9824,9177,8493,6675,4228,2743,2971,4001,6565,8545,9327,9260,8349,7452,5496,3668,2963,3073,4663,7690,9752,10014,9635,8314,6793,4568,3335,3245,4022,6877,8784,10060,10282,9229,8438,5949,3874,3015,3409,4832,7377,9077,9563,8903,7133
7968,8738,8942,7702,5686,4000,4039,5150,6854,8788,9396,9669,8999,7858,5898,3712,3103,3254,5235,7849,9212,10249,10384,9524,7327,5142,3930,3802,5228,7516,9502,10252,10621,9652,8633,6653,5026,4576,4846,7208,9293,10009,10201,10294,9254,6563,3877,2333,2767,4674,6820,8321,8828,9231,8473,6702,3928,2662,2951,3572,5560,7626,8549,8858,9062,7829,4606,3089,3055,3395,5127,7620,9149,9634,10170,9123,7623,5114,3448,3459,4835,6751,8644,9248,10278,9922,9075,6761,4491,2958,3449,5250,7462,8713,9068,8380,9565,9093,6695,4711,3418,4350,6768,8825,10278,10171,10048,8659,6380,3997,3380,3608,5473,7930,9456,10133,10191,10026,8227,5173,3538,3298,4422,6840,9106,10280,10627,10602,9566,7343,4566,3430,3826,4642,7653,9998,10192,10414,9300,7608,5088,3164,2206,1548,5593,8528,9728,9959,9457,8396,6317,4188,3057,3133,4844,7437,9284,10035,9830,9496,8343,5239,3143,2526,3286,5352,8028,9393,9756,9605,8684,6547,4694,3404,3003,3878,6341,8336,9587,9656,9421,8167,5385,3651,3145,3429,5329,8230,9316,9966,9039,7709
8338,9183,8996,7128,5569,4048,3796,4387,6837,8912,9583,9711,9069,7651,5208,3583,3024,3545,5427,7927,9199,10088,9798,8908,6641,3924,3225,3455,4470,7294,9228,10279,10224,9827,8464,5868,4969,4641,4772,6331,8695,9645,10033,10529,8515,6570,4229,2687,2333,3893,6234,8039,8572,9051,8452,6075,3464,2519,2682,3548,5369,7619,8645,8906,8706,7064,4461,3110,2367,2985,4926,7221,8867,9389,9499,8755,6912,5218,3531,3274,4935,6902,8779,9701,9743,9238,8162,5619,3709,2932,3255,4539,6569,7989,8089,7322,8267,7795,5296,3746,3269,3622,5611,7759,9131,9405,9405,8410,5888,3924,3212,3427,4847,6907,8570,9903,9720,9493,7574,4659,3474,3149,3969,5708,8263,10198,10295,9787,8574,6502,4144,3521,3328,4474,7270,9632,10256,9991,9183,7329,5239,3398,2255,1501,5142,8110,9326,9528,8840,7786,5351,3856,2602,2663,3275,5683,8166,9184,9297,9152,7288,4722,3111,2455,3040,4988,7385,8952,9539,8995,7710,5369,3576,3078,2849,3351,5495,8136,9015,9366,8988,7214,4755,3193,2742,3254,4566,6499,8020,8842,8373,7095
7681,8422,7851,6218,4237,2850,3045,3763,5527,7737,9296,9383,8346,6514,4317,3279,2918,3091,4222,6684,8689,9583,9325,8090,6073,3791,3281,3367,3917,6156,8496,9670,10108,9181,6416,5017,3975,3754,4264,5558,7601,9105,9783,9508,8241,5506,3785,2225,2318,3490,5084,6881,8152,8176,7387,5206,3432,2394,2556,3103,4069,6062,7801,7808,7422,5874,3491,2434,2325,2756,4005,5848,7740,8758,8430,7088,5135,3552,2921,3292,3864,5354,7066,8189,8462,7865,6050,4811,3346,2510,2433,3686,5155,6621,7194,6201,6276,5503,3671,2760,2653,3357,4924,6793,8224,8660,8549,7112,5395,3838,3259,3287,3726,5537,7960,8564,8430,8059,6586,4729,3739,3024,3428,4919,6996,9545,9754,9437,7652,5811,3875,2786,2888,3774,5874,7821,9082,9043,7941,5811,3939,3088,2330,1581,3769,5843,7981,8457,7887,6243,4003,2853,2484,2739,3351,4450,6454,7860,7826,7240,5550,3735,2685,2381,2644,4290,6258,7756,8234,7609,5767,3714,2712,2480,2707,3268,4543,6544,7994,7933,7157,5483,3273,2767,2552,2784,3442,4682,6356,7148,7088,5478
5265,6220,5439,4292,2998,2600,2593,3083,3993,5800,7018,7130,5585,4145,2995,2657,2525,2819,3469,4268,5693,6558,6767,5534,4547,3278,2997,2951,3153,3989,5359,6541,6943,6586,4672,3700,3313,3248,3195,3796,4974,6278,6787,6797,5551,4026,3111,2216,1503,2555,3288,4338,5431,5796,4592,3151,2435,2170,2364,2262,2817,3550,4697,5760,5315,3951,2888,2281,2319,2794,3322,3983,4560,5489,4942,4186,3144,2753,3056,2920,3553,4071,5167,6152,6144,5425,3886,3011,2758,2339,2814,2949,3537,4331,4314,3551,3206,3253,2646,2583,2523,3102,3547,4116,4976,5460,5123,4416,3386,2549,2762,3137,3101,3810,5016,5672,5592,5311,4073,3385,2498,2521,2671,3262,4832,5761,6155,5585,4483,3419,3064,2967,2897,3141,3678,4849,5279,4916,4777,3490,2949,2577,2119,1661,2239,3511,4662,4565,3880,3282,2666,2517,2172,2051,2114,2620,3425,4143,4259,4508,3842,3098,2625,2123,2125,2665,3323,4272,4590,4377,3640,2774,2538,2669,2735,2814,3328,3972,4740,5085,4294,3357,2915,2639,2773,2707,2937,3271,3487,3902,3485,2395
2402,3281,2973,2769,2731,2817,2407,2316,2651,2971,3575,3751,3109,2586,2621,2533,2307,2194,2153,2408,3261,3710,3969,3348,2993,2776,2629,2591,2555,2547,3265,3833,4514,4472,3529,3144,3213,3130,3005,2827,3087,4078,4236,3974,3546,2748,2534,2068,2009,2386,2427,2188,2533,2869,2583,2355,1854,2073,2325,2358,2085,2157,2150,2531,2895,2857,2648,2473,2457,2713,2945,2953,2650,2885,2969,2860,2636,2535,2787,3029,3310,3138,3166,3288,3697,3788,2939,2337,2109,2225,2273,2397,2568,2730,2995,2621,1800,2167,1966,2026,2358,2527,2456,2524,2475,2579,2584,2603,2289,2234,2315,2665,2930,2853,2823,3237,3470,3571,3461,3128,2780,2524,2665,2953,3125,3298,3397,3271,3474,3208,3057,2875,2496,2475,2661,2189,2395,2724,2508,2280,2242,2059,1985,1500,1632,2153,2309,2398,2516,2300,2304,2109,2202,2210,2284,2264,2434,2602,2634,2358,2741,2591,2275,2138,2235,2286,2367,2595,2318,2382,2225,2198,2258,2488,2337,2216,2319,2224,2317,2475,2359,2093,1852,2048,2241,2226,2180,2236,2623,2787,2406,1726
1569,2145,2352,2471,2593,2720,2906,2567,2426,2488,3032,3181,2958,2865,2608,2348,2525,2277,2454,2764,2981,2909,2905,2868,2724,2915,2873,3030,2934,3281,3357,3703,3911,3593,3087,3179,3095,2666,2826,2579,2454,2984,3125,3128,2924,2680,2216,2103,2426,2490,2434,2494,2749,2694,2535,2404,2012,2099,2345,2518,2161,2329,2394,2480,2421,2342,2168,2260,2466,2626,2505,2256,2237,2527,2673,2850,2718,2686,2766,2778,2811,2609,2659,2722,2710,2758,2834,2507,2562,2509,2474,2374,2269,2529,2479,1952,1689,1988,1980,2182,2124,2188,2369,2216,2277,2420,2370,2596,2672,2765,2834,2859,2824,2714,2653,2817,3045,2840,2732,2571,2461,2855,2972,2706,2723,2751,2421,2747,2733,2751,2836,2919,2636,2397,2505,2664,2652,2562,2245,2027,1970,1936,1971,1459,1569,1900,1996,1894,1744,2237,2245,2220,2008,2012,2080,2251,2591,2405,2286,1931,2002,2540,2595,2725,2305,2100,2354,2488,2594,2491,2307,2403,2439,2458,2430,2282,2283,2479,2583,2588,2160,2081,2050,2247,2121,1967,1816,2103,2366,2553,2235,1648
1790,2302,2338,2666,2719,2584,2648,2435,2517,2543,2906,2932,2794,2464,2344,2444,2415,2289,2288,2362,2640,2702,2696,2920,2958,2989,3418,3245,2882,2782,3235,3466,3317,2909,2813,2835,2653,2752,2770,2842,2968,3135,3224,2904,2806,2741,2467,1947,2079,2584,2523,2761,3035,2949,2685,2311,2366,2345,2361,2292,2132,2283,2082,2364,2305,2348,2267,2160,2217,2333,2616,2845,2666,2615,2457,2645,2468,2632,2484,2591,2530,2726,2946,3106,3311,3105,2918,2870,2745,2661,2456,2809,2803,2430,1897,1940,1631,2211,2097,2044,2236,2192,2324,2518,2536,2309,2464,2355,2079,2166,2118,2208,2114,2250,2656,2681,2638,2528,2790,3101,3072,2845,2925,2977,3058,2979,3037,3208,3123,2951,2575,2431,2134,2227,2521,2681,2753,2417,2118,1897,1866,1733,1833,1612,1443,1903,1897,2096,2114,1953,2088,2188,2012,2050,2357,2809,2781,2863,2767,2575,2406,2366,2407,2410,2257,2288,2550,2944,3025,2777,2427,2400,2323,2133,1874,1848,2021,2502,2730,2491,2277,2228,2274,2367,2221,1951,1828,2214,2674,2597,2346,1659
2818,3519,3191,2864,2890,2656,2517,2569,2787,2995,3719,4072,3727,2853,2448,2433,2524,2415,2374,2976,3758,4110,3904,3702,3128,2813,2869,3077,3117,3108,4063,4801,4884,4504,3678,3370,3021,2971,3075,3036,4000,4343,4629,4566,3634,3036,2859,2217,2456,2962,2916,3112,3707,3993,3566,2688,2298,1871,1874,1918,2096,2789,3529,3563,3248,2954,2097,1848,2167,2253,2389,2761,3248,3544,3829,3334,3075,2832,2876,3245,3241,3383,3494,3871,4248,4415,3659,2773,2885,2752,2426,2501,2834,2991,3239,3012,2365,2664,2333,2095,1923,2279,2559,2913,3420,3439,3542,3228,2816,2639,2486,2331,2537,2912,3379,4118,4289,3879,3565,2937,2925,2874,3026,3423,4186,4458,4908,4826,4219,3606,3269,2945,2627,3043,3445,3738,4657,4346,3597,2701,2181,1759,1610,1535,1579,2119,2511,2564,2647,2344,2415,2346,2418,2670,2553,2747,3144,3757,3781,3352,3018,2723,2733,2515,2258,2844,3858,4517,4517,3857,2688,2481,2510,2310,2140,2210,2604,3355,3974,3790,2983,2640,2301,2286,2243,2230,2163,2564,3379,4099,3697,2505
5040,6290,5255,3977,3920,2877,2733,2852,3526,4734,6043,6459,5818,4830,3815,2932,2494,2520,3107,4431,5928,7002,6902,6190,4684,3635,3313,3056,3458,5085,6582,7898,7904,6887,5277,3816,3762,3508,3720,4668,5812,8188,8487,8025,6116,4777,4009,2646,2845,3706,4324,6263,7182,7602,6108,4125,2998,2620,2502,2627,3354,4583,5443,5913,5359,3900,2883,2585,2715,3155,3570,4735,5793,6846,6802,5915,4261,3321,2801,3066,3318,4107,5138,6648,7383,7139,5602,4135,2943,2334,2363,2687,4074,5691,6537,6115,4684,4273,3108,2302,2168,2597,3442,4852,6508,7180,6598,5098,4301,3555,2759,2981,3402,4125,6327,7413,7584,6261,5446,4195,3696,3187,3528,4857,6933,8471,8927,8514,6901,5046,3510,3040,2914,3487,5007,6526,7677,7417,6209,4381,3022,2375,2034,1510,2188,3917,5252,5770,5729,4839,4047,3164,2683,2558,3143,4124,5643,6974,7380,6564,4983,3901,2768,2570,2895,3964,5517,7221,7826,7526,5981,4706,3153,2626,2383,2859,3596,4865,6218,6436,5980,4467,3512,3020,2813,2668,3060,4378,6179,7137,6817,5295
7793,8824,8015,6725,5028,3995,3179,3212,4770,6796,8499,8520,8432,6503,4793,3311,3193,3673,4863,7127,8670,9431,9412,8334,6041,4725,4266,4374,5014,7341,9141,10182,10152,8958,6620,4796,3928,3825,3990,5280,7783,9905,10160,9919,7959,5325,3438,2251,3404,4803,6482,8694,9210,9436,8032,5775,3821,3142,2977,3800,5428,6977,7933,8208,7741,5911,4295,3288,2783,3195,4168,6428,8307,9157,8990,8252,6238,4286,3103,2967,3515,5197,7435,9159,9634,9407,8153,5656,3771,2750,3156,4208,6105,8131,8761,7824,7757,6715,4488,2995,2657,3675,5289,7134,8810,8998,8507,7051,5248,4181,3395,3340,4649,7006,8996,10174,10030,9387,7289,5637,4000,3874,4375,5980,9043,10607,10763,10884,9361,7016,4779,3557,3436,4483,5862,8059,8910,9677,8593,6622,4302,2844,2188,1460,3270,6280,8240,8518,7978,6845,5358,3576,2987,2955,4707,6609,8848,9651,9647,9104,7318,4789,3167,2875,3230,4850,7546,9320,10310,10057,8638,6830,4669,3228,2643,3440,4987,7347,8720,9207,8267,7236,4566,2972,2655,3053,4215,6433,8630,9275,8949,7410
8873,9615,9653,8112,5918,4072,3578,4133,5766,8094,9253,9767,9054,8297,6128,4032,3775,4541,5610,8001,10070,10237,10010,9460,7521,5161,4186,4122,5391,8141,10746,11039,10801,9900,7997,5606,4271,4125,5095,7410,9307,10605,10936,10354,9123,6688,4380,2627,3474,5512,7844,9422,9961,10130,9108,7371,4472,3270,2905,3762,5854,7983,8976,9187,8862,7826,5675,4003,3007,3406,5250,7818,8974,9581,9464,9090,7473,4859,3203,2965,4221,6198,8842,9861,10024,9683,9018,6184,4199,3410,4021,4933,7640,9200,9353,8449,8904,8033,5228,3479,3183,4150,5928,8703,9556,9812,9817,8829,6503,4691,3528,3915,5826,8675,9851,10502,10433,9985,8648,6809,4770,4009,4817,7298,9477,10962,11670,11168,10655,8032,5513,3384,3044,4402,6696,8872,9855,9802,9869,7923,6032,3820,2391,1617,3987,6716,8491,9257,8725,7769,6748,4211,3071,3439,4878,7385,9299,9799,9578,9469,8078,5845,3614,3156,3625,5277,8333,10200,10478,10223,9423,7999,4675,3637,3539,4608,6641,8553,9984,10167,9770,8135,5284,3880,3190,4031,5756,8181,10069,10364,10290,9071
9106,9876,9756,8311,6154,4366,3624,4521,7097,9088,9873,9773,9220,8096,5985,4527,4093,4449,6250,8956,10319,10681,10768,9890,8048,5351,4087,4593,6342,8453,10886,10997,10992,10612,9021,6654,5232,4615,4598,6429,9350,10174,10479,10331,9193,6672,4333,2709,3160,5478,7850,9659,10404,10204,9088,7017,4583,3718,3857,4624,6066,8418,9399,9957,9655,8325,5876,4073,3194,3476,4975,7797,8679,9572,9438,9011,7317,4776,3062,3065,4188,6372,8733,10358,10576,10508,9400,6539,4258,3803,4211,6012,8070,9608,9806,9014,9738,8938,6332,4267,3261,4528,6599,9104,9809,10351,10104,8609,6551,4204,3013,3877,5930,8777,10100,10897,11024,10227,8221,5898,4329,3915,5091,7406,10056,11122,11648,11143,10721,8734,5687,4647,3629,5135,7263,9038,10086,10106,9972,8518,5965,3371,2388,1548,4827,7781,8795,9359,8777,7904,6325,4451,3189,3382,4943,7153,9256,10204,9856,9587,8315,5871,3872,3138,3752,6225,8821,10628,10683,10515,9640,7623,4859,3917,3645,4831,7152,9515,10145,10180,9643,8389,6132,3974,3248,3296,5216,7800,9404,10066,9636,8717
8558,9012,9210,7443,5664,4135,3489,4033,6363,8499,9543,9639,9169,7344,5372,3931,3156,3912,6025,8737,10542,11024,11219,10029,7455,5744,4630,4320,5294,7409,10119,10841,10347,9694,7962,5728,4768,4396,4810,6827,8519,9913,10531,9988,8852,6294,3840,2602,2886,4642,6795,8754,9394,9521,8472,6536,4329,3253,2855,3344,5332,7551,8790,9346,9631,8240,5830,3487,2984,3963,5506,7092,8475,9183,8748,8409,6245,4039,3349,3362,4511,6234,8086,9408,10214,9855,8497,5660,3745,3152,4090,5670,7963,9208,9345,8359,9349,8278,5981,3936,3040,4066,5965,8257,9724,10019,9873,8418,6209,4216,3605,3868,4937,7700,9248,9764,10202,9375,7546,5276,4112,3603,4368,6390,8440,10390,11043,10771,10149,7731,5436,3938,3764,4908,6895,8990,10117,10258,9772,7791,4880,3123,2112,1540,4811,7458,8584,9039,9042,7877,5604,3757,2613,2813,3819,5993,8097,9095,9325,9105,7407,5583,4081,3098,3381,5666,7918,9987,10085,9631,8696,6873,4619,3176,2861,3834,6289,8395,9300,9831,8894,7162,4898,3386,2577,2851,4056,6716,8705,9655,9269,7927
7470,8436,7941,6096,4692,3212,2733,3122,4676,6581,8263,8438,7812,6215,4117,2956,2790,3548,4855,7227,9240,9770,9681,8573,6448,4708,3980,4105,5233,6814,8913,9787,9547,8510,6810,4959,4139,3930,4036,4597,6346,8645,9184,8829,7360,5640,3599,2279,2725,3825,5212,6998,7725,7525,6507,4757,3425,2878,2832,3191,4414,5904,7567,8043,7873,6156,4279,3033,2727,3168,3705,4771,6482,7927,7626,7048,5154,3534,3064,3222,3775,4875,6426,7969,8484,8119,6937,5149,3409,3407,3736,4523,6024,7521,8130,7296,7823,6672,5051,3832,2951,3422,4867,6589,8478,9274,8674,7286,5055,3494,3116,3448,4199,6010,7563,8631,8777,7784,6114,4329,3148,2881,3463,4936,6908,8781,9698,9480,8293,6300,4348,3269,3595,4475,5582,7183,8746,9152,8694,6749,4461,3092,2345,1691,3216,5463,6948,7757,7346,6243,4122,2596,2222,2651,3558,4695,6207,7140,7632,6871,5675,4213,3578,2980,2904,3806,5820,8230,8929,8256,6935,5479,4275,3257,2680,3201,4964,6398,7864,8001,7098,5389,3580,2557,2202,2733,3766,5288,7268,7683,7583,5672
4986,5578,4900,3871,3257,2649,2391,2549,3045,4222,5050,5006,4788,3758,2608,2427,2595,2901,3522,5212,6225,6870,6808,5601,4137,3563,3745,3613,3602,4718,6030,6967,7183,6000,4744,3848,3638,3738,3686,3681,4206,5616,6086,5589,4425,3498,2597,1891,2120,2849,3423,4130,4691,4352,3906,2997,2551,2305,2425,2824,3208,3851,4429,5125,4850,3925,3046,2415,2193,2361,2622,3067,3996,4794,4991,4286,3475,2613,2499,2439,2660,3152,3980,5143,5712,5107,4106,3330,2880,3149,3059,3861,4649,5594,5547,4838,4156,4109,3392,2716,2769,3068,3213,3910,5074,5764,5103,4611,3434,3107,2859,2417,2862,3458,4099,5052,5069,4625,4019,3233,2617,2715,3082,3481,4591,5912,6537,6023,4803,3685,3114,2955,3096,3258,3930,4694,5253,5259,5103,4149,3141,2437,1919,1490,2155,2638,3677,4126,3955,3269,2370,2177,2090,2125,2392,2954,3575,3910,4396,4164,3633,3196,3075,2607,2507,3060,3784,4305,5309,4843,4393,3630,2709,2722,2738,3034,3198,3748,4351,4639,4294,3501,2448,2158,2197,2386,2848,3047,4000,4520,4233,3142
2331,2902,3006,2566,2511,2255,1901,1691,1719,1962,2566,3046,2638,2212,2064,2269,2284,2660,2968,3403,4619,4961,4764,4180,3668,3390,3478,3653,3578,3645,3932,4605,4965,4256,4096,3622,3393,3640,3447,3323,3524,4195,4386,3845,3227,2789,2236,1907,1865,2413,2591,2476,2470,2227,2334,2273,2167,2177,2108,2124,2519,2918,3188,3220,2865,2614,2152,2114,2210,2262,2487,2519,2876,3036,2998,2852,2665,2263,2368,2447,2831,3068,3022,3148,3463,3588,3140,2842,2899,3040,3087,3258,3707,3922,3704,3059,2033,2285,2205,2474,2921,2929,2849,2566,2561,2681,2912,2802,2435,2106,2201,2387,2352,2314,2639,2924,3040,3211,2671,2432,2454,2795,2967,2965,3177,3248,3557,3460,3305,2906,3030,2908,2881,2560,3086,3135,3350,3433,3203,2931,2682,2354,2125,1648,1513,1734,1881,1886,2045,2078,2208,2039,1590,1787,2130,2395,2439,2607,2715,2421,2634,2549,2721,2496,2530,2509,2804,2827,2965,2844,2581,2478,2194,2275,2108,2311,2507,2821,2754,2777,2591,2402,2071,1887,1928,1791,1599,1750,2186,2333,2248,1555
1996,2653,2608,2243,2065,1870,1982,2176,2093,2210,2299,2910,3078,2764,2454,2576,2470,2294,2399,2891,3280,3783,3780,3421,3304,3030,3265,3254,3136,3666,3651,3973,4026,3719,3638,3620,3552,3510,3394,3184,3344,3428,3257,3114,2655,2362,2083,1747,2002,2214,2358,2577,2579,2693,2415,2222,2264,2463,2471,2402,2466,2777,2465,2503,2444,2308,2449,2294,2400,2322,2166,2194,2262,2160,2366,2308,2617,2476,2441,2873,3165,2945,2713,2674,2622,2551,2677,2504,2704,2946,3052,3280,3107,2779,2445,1888,1640,2040,2296,2207,2449,2776,2840,2425,2177,2188,2397,2180,2047,2052,2193,2338,2416,2205,2103,2253,2674,2886,3151,3056,2958,2610,2653,2801,2926,2804,2901,3017,2802,2947,2981,2801,2723,2566,3002,3099,2995,2937,2906,2589,2439,2508,2113,1505,1450,1853,2093,2179,1805,1732,1774,1792,1763,1993,2023,2192,2373,2396,2358,2324,2596,2684,3001,2866,2327,2331,2566,2758,2529,2283,2441,2527,2060,2053,2203,2308,2347,2401,2643,2522,2267,2356,2331,2361,2267,2083,1951,1997,1913,1831,1901,1515
2144,2697,2615,2694,2490,2651,2560,2795,2818,2851,2832,2744,2562,2618,2398,2520,2739,2838,2585,3269,3494,3866,3628,3477,3447,3564,3637,3799,3861,4074,4138,4326,4568,4156,3546,3576,3625,3662,3093,3039,3270,3152,3511,3620,3389,3139,2704,1997,1986,2571,2705,2663,3065,3212,2887,2480,2239,2368,2564,2524,2704,2639,2648,2800,2479,2315,2531,2799,3097,3052,2836,2607,2637,2732,2849,2830,2482,2554,2342,2318,2672,2909,2598,2653,3151,3476,3136,2698,2537,2747,2878,3197,3358,3492,3266,2506,2028,2278,2525,2277,2224,2505,2512,2611,2411,2447,2644,2412,2252,1948,2116,2224,2424,2391,2383,2645,2633,2630,2739,3329,3304,2778,2911,3115,3168,3377,3639,3658,3537,3561,3448,3164,2877,2931,3510,3971,4055,3623,3227,2311,2416,2329,2144,1603,1713,2193,2194,2212,2063,1848,1915,1912,2014,2214,2066,2253,2447,2774,2735,2711,2909,3155,2990,2765,2550,2615,3110,3246,3340,3524,3327,3034,2857,2607,2643,2560,2404,2659,2852,2723,2332,2332,2291,2157,2106,2014,1887,2206,2373,2229,2175,1856
3709,4264,4432,3566,3066,2645,2503,2589,3342,4279,4899,4632,3806,3462,2919,2412,2179,2456,2788,4007,4461,5228,5488,4685,4215,3550,3412,3518,3899,4742,5748,6282,6133,4914,4295,4190,3828,3949,3785,3984,4065,4478,4568,4618,4111,3306,2713,2061,1964,2416,2763,3821,4636,5063,4641,3710,3210,2765,2725,2626,2862,3322,3898,4353,4501,3723,3324,2895,2878,2999,3144,3408,3772,4434,4859,4754,4020,3418,3037,3022,3080,3242,3623,4063,4448,3954,3839,3141,2707,2686,2986,3591,4403,5263,5819,4934,2667,2839,2534,1970,2136,2787,3440,3763,4130,4279,4254,3541,3163,2771,2465,2557,2609,3018,3644,4009,4085,3957,3744,3372,3622,3410,3043,3167,4282,5299,6078,5771,4919,4001,3195,2878,3046,3454,4524,5796,5448,5142,4307,3412,3008,2319,2203,1785,2167,3408,4171,4143,3471,3129,2637,2219,1922,1880,2030,2710,4079,4785,4811,4144,3839,3500,3283,3250,2728,3235,4545,5471,6708,6855,5329,4146,3411,3101,3002,3065,3435,4187,5390,5040,4029,3152,2689,2531,2323,2280,2609,3300,4490,5307,5569,3956
6897,7750,7432,6037,4229,3613,3313,3409,4407,6367,7567,7773,6881,5387,4260,3264,3129,3059,3459,5472,7301,8625,8918,7203,6048,4638,3981,4163,4963,6272,7952,9440,9201,7964,6518,5141,4229,4347,4438,4724,6865,7927,8577,9010,7517,5969,3904,2381,2552,3627,5198,6936,8064,8070,7271,5565,4026,3090,3113,3367,4572,5912,7512,7852,7831,6398,4846,3482,3144,2906,3938,5215,7080,8090,8266,7384,5683,4221,3943,3240,3298,4044,5201,6550,7677,7317,6315,4797,3952,3516,3743,4904,6322,7538,8240,7991,6840,5744,4160,3443,2960,3563,4585,6236,8277,9147,8403,6692,4903,3528,2983,3229,3603,4616,6235,7840,8027,7264,5664,4321,3425,3301,4038,5072,6689,9102,9399,9141,7601,5399,3907,3281,3403,4280,6125,7951,8999,8474,7449,5525,3864,2997,2404,1612,3224,5713,7216,7594,7260,5715,4108,2809,2183,2352,2974,4189,6538,7588,7740,6748,5390,4309,3618,3227,3620,5046,7418,9611,10246,9782,8048,5928,4498,3718,3495,3848,5317,7147,8413,8630,7461,5853,4093,2882,2416,3105,4053,6018,8416,9052,8193,6070
8818,9468,9464,7896,5980,4653,4015,4102,6427,8632,9957,10100,9243,7709,5870,4304,3143,3447,5160,7993,10009,10489,10650,9528,7288,5624,4298,4737,6085,8195,10803,11347,11808,10859,9231,6353,5132,4914,5049,6069,8958,10012,10450,10548,9566,7247,4745,3006,3773,5440,7568,9346,9686,9626,9068,6733,5077,3692,3698,4406,5892,8160,9377,9803,9342,8210,6049,4124,3622,4086,5146,7446,9131,10098,9785,9332,7164,5200,4097,3877,4208,5733,7383,8836,9521,9502,8776,6402,4579,3473,3766,4699,7143,8705,9482,8750,9191,8328,6162,4412,3652,4407,6303,8489,9801,10212,9614,8670,6169,4076,3247,3753,4965,7191,9040,9788,9765,9756,8096,5738,3990,3429,3947,6329,9530,11032,11463,10835,10132,7747,5928,4007,4045,5073,7353,9384,10491,10407,9374,7729,5671,3813,2813,1985,4991,8336,9650,9515,9002,8311,5848,3998,2800,2991,3853,6552,9067,10040,10022,9489,8161,5714,3767,3122,4180,6442,9418,10943,11444,11105,10101,7723,5261,4451,4278,5018,6568,8760,9918,10119,9447,8163,5157,3444,2792,3080,4946,7511,9465,10025,9503,7912
9773,10153,10532,9493,7641,5275,4576,4679,7276,9392,10446,10160,9869,8749,6512,4434,3672,4483,6026,9321,10809,11226,11108,10450,8396,6314,5347,5578,7194,9713,11363,11979,12170,11763,10669,7666,5906,5386,5541,7695,9863,11356,11573,11222,10446,7713,4710,2406,3792,5894,7851,10188,10700,10652,10181,8440,5550,4601,4430,5201,7106,8998,9879,10719,10412,9769,6973,4694,3640,3972,5721,8180,9497,10331,10648,10079,8147,5754,4118,3991,4678,6472,8391,9352,9845,9689,9349,7271,5303,3993,4420,5625,7790,9207,9753,8805,10180,10319,7457,5143,4446,5469,7376,9522,10761,11057,10363,9391,7272,4853,3518,3943,5657,7917,9823,10519,10274,10101,8770,6652,4590,3979,4721,7107,9506,11049,11447,11464,10628,8545,5654,4338,4038,5373,8224,10135,11155,11246,10674,9374,6706,4174,3151,2425,5538,8458,9908,9963,9980,8985,6872,4462,3304,3365,4581,7114,9400,10612,10382,10208,9000,7008,4741,3705,4493,6457,9137,10875,11459,11286,10295,8852,6403,4946,4255,5041,7373,9245,10258,10307,9711,9230,7049,4921,3721,4295,5961,8252,9835,10007,9947,8388
9369,10722,10504,9538,7046,5303,4769,4926,6877,9138,10295,10608,10233,8532,5893,4245,3630,4607,6391,9640,10776,11482,11033,10495,8537,6356,5077,5087,7418,10093,12001,12058,12678,11741,10803,8738,6588,5649,5656,7641,9856,11023,11140,11321,10595,8493,5535,3056,3571,5785,8153,9782,9835,10472,9532,7767,5242,4308,3938,4805,6999,9243,9890,10258,10376,9932,7752,5105,4270,4933,6139,8141,9811,10137,10326,10125,8669,6483,4890,4426,5134,7035,9017,9790,10435,10218,9933,7837,5143,3840,4338,5796,7906,8931,9124,8553,9930,9434,6541,4652,3869,4493,7182,9871,10514,10300,10109,9101,7110,4592,3035,3922,5968,8281,9752,9787,10212,9854,8242,6418,4883,3882,5170,7619,9597,11152,11287,11379,10834,8708,6160,4838,4756,6370,8027,10434,11140,10855,10396,9295,6788,4590,3347,2052,5333,8245,9294,9974,9739,8906,7142,5086,3384,3279,4649,7439,9407,10636,10684,10425,8826,6656,4662,3556,4017,6457,9515,11106,11678,11268,10497,8794,6839,5378,3997,4587,6918,9259,10331,10384,10039,9296,7332,5033,3654,3953,5740,8295,9495,10103,9904,8721
8804,9727,9618,8166,6524,5096,4034,4429,6256,8616,9848,10023,9527,7343,5269,3743,3180,3500,5133,7532,9894,10399,10066,9381,7392,5241,4737,5030,6316,9123,10903,11619,12150,11677,10280,8027,5939,5155,5266,6522,8647,9436,10209,9892,8674,6530,3970,2364,2406,3821,6147,7927,9156,9360,8933,6812,4657,3744,3668,4730,6169,8072,9431,9978,9912,8914,6316,4419,3262,3354,5401,7481,8916,9627,9597,9225,7382,5228,3891,3588,4286,5993,7872,8923,9392,9546,8267,6039,4284,3369,3882,5107,6938,7948,8644,8001,8992,7468,5272,4021,3533,4532,6898,8686,9440,9733,9563,8354,6089,4035,3252,3740,4929,7194,8801,9465,9222,9058,7117,4596,3892,3409,3771,5724,8057,9846,10532,10193,9280,7733,5244,3936,3861,4833,7087,9258,10094,10236,9765,7907,5183,3655,2747,2042,4386,6560,7999,8545,8594,7561,5847,4316,3379,3069,4064,5957,8109,9428,9359,9005,7682,5441,3879,3130,3344,5317,7963,10052,11132,10669,9940,8001,5655,4257,3758,4205,5979,7977,9524,9688,9489,8579,6447,4409,3369,3261,4224,6549,8000,9113,8803,7268
