11.58,18.92,25.5,21.02,14.71,15.88,21.61,19.22,17.26,19.89,24.84,16.28,17.2,22.15,17.27,19.08,20.23,20.32,18.7,18.95,17.89,26.55,18.04,15.61,14.34,7.11,8.59,8.1,15.26,9.16,6.96,10.27,14.22,22.2,16.86,15.59,14.62,19.69,19.12,27.39,21.41,21.3,23.9,26.15,17.99,23.97,24.67,21.84,22.24,25.92,22.62,22.08,25.31,23.26,21.98,23.95,24.07,18.91,25.57,38.45,23.02,21.1,21.55,16.36,24.34,19.14,15.05,12.43,11.41,10.61,15.04,22.66,20.42,15.58,17.28,21.63,23.37,17.08,11.24,7.81,14.08,14.89,20.35,17.77,26.07,20.71,23.76,20.9,21.07,23,23.29,21.54,23.09,18.74,23.19,23.3,20.32,21.61,18.97,17.92,16.41,8.3,19.02,19.74,26.31,15.72,13.4,19.56,21.89,18.85,18,14.18,15.8,18.92,18.78,17.1,22.74,20.89,15.07,15.78,18.04,16.91,15.18,16.36,16.05,16.47,12.88,13.62,14.01,16.24,15.59,9.68,12.05,16.52,22.65,20.68,17.11,25.97,22.96,17.41,22.59,20.02,15.91,20.42,20.36,22.28,22.88,20.44,16.35,16.64,14.59,17.15,16.63,17.03,15.03,16.51,14.55,16.56,15.34,14.05,29.59,15.78,13.92,14.81,8.31,12.29,7.13,14.98,19.26,18.46,17.55,11.97,10.91,10.84,9.42,16.01,11.65,10.99,12.38,10.5,10.8,9.73,12.97,9.66,12.2,5.13,9.55,9.7,10.44,11.58,8.45,9.71
18.93,24.38,22.85,26.24,21.83,17.93,16.05,23.19,23.4,32.86,23.32,21.92,24.44,22.26,21.91,22.08,31.03,22.58,23.19,22.76,27.88,29.36,26.27,27.49,18.8,14.12,10.12,9.3,9.7,11.39,10.29,8.64,15.92,22.01,17.22,20.08,13.97,11.34,19.4,22.56,28.93,30.98,29.53,30.51,27.38,36.51,26.92,33.81,29.03,28.1,28.38,25.51,35.23,35.8,34.65,37.04,36.17,34.59,31.51,30.79,33.44,29.85,36.22,39.61,35.02,29.82,32.83,21.77,10.42,8.65,24.63,34.16,32.77,38.98,40.51,38.7,34.61,40.91,33.42,21.39,13.33,17.02,30.38,38.7,36.9,41.15,37.68,36.85,31.6,39.33,29.02,32.8,36.64,28.12,34.02,35.8,36.95,31,31.74,25.48,34.31,30.48,34.53,30.58,31.44,36.47,27.7,27.62,34,36.16,27.74,29.46,27.05,26.19,23.87,25.03,25.78,37.59,24.01,22.18,26.99,21.91,24.84,24.11,25.13,25.26,24.66,20.48,25.61,23.74,21.29,26.02,25.21,25.57,28.32,27.88,27.41,24.56,17.18,16.56,19.31,17.89,25.86,18.9,21.84,22.31,19.7,24.65,19.05,18.53,13.49,15.55,14.07,12.69,15.67,19.09,15.95,15.99,16.04,16.69,15.93,15.95,21.19,20.01,13.46,12.14,17.53,15.65,25.53,19.12,17.4,14.48,12.22,13.47,9.08,8.99,20.92,11.86,12.11,7.58,14.07,9.93,7.01,11.58,5.8,13.45,7.73,13.39,11.57,9.35,7.79,18.2
32.67,33.31,29.65,26.51,32.94,28.84,34.25,31.97,45.42,29.47,37.25,29.49,34.16,34.8,32.73,30.74,38.71,39.71,36.52,40.79,37.35,31.78,36.49,34.87,34.51,27.54,15.59,11.09,8.59,10.79,9.07,7.99,11.8,19.51,24.1,16.36,18.63,10.19,25.92,35.28,36.3,39.96,39.74,43.84,38.14,42.69,44.31,43.02,39.9,41.15,36.33,40.16,43.32,42.59,43.78,46.73,43.12,45.33,42.12,46.41,45.78,41.92,50.21,46.5,47.68,46.24,40.81,30.41,18.36,29.77,39.04,44.57,47.7,48.14,49.74,51.68,52.73,52.9,43.98,33.41,20.49,25.34,45.34,47.46,54.03,52.69,47.19,52.6,45.39,49.19,45,50.7,42.04,46.42,48.64,46.83,40.58,45.6,42.33,41.68,41.54,40.95,39.22,40.99,44.17,38.13,44.03,40.04,37.18,38.43,38.75,36.54,40.29,43.68,39.4,38.12,37.85,30.02,38.81,29.45,30.4,31.76,35.73,35.01,33.26,34.69,32.4,32.27,36.53,32.52,36.07,30.39,35.1,34.8,31.87,31.5,30.03,23.92,19.08,16.72,21.04,16.05,23.19,22.15,14.73,21.88,22.15,18.3,18.59,16.66,19.71,19.16,20.42,17.09,19.34,19.79,12.63,18.4,14.73,20.41,14.24,12.3,14.77,10.05,11.31,8.92,12.59,10.55,9.13,24.12,21.84,11.9,8.19,8.91,13.37,14.06,9.6,10.38,11.66,5.72,11.2,10.38,10.87,6.31,11.74,9.61,10.92,9.61,11.15,11.4,8.31,8.4
33.14,37.71,37.72,31.44,35.28,33.61,27.77,35.07,32.65,38.4,36.01,35.98,38.44,36.68,34.46,37.24,36.73,33.63,41.64,39.52,34.97,33.62,37.09,39.71,33.45,30.73,13.64,10.32,11.37,17.63,10.76,6.46,13.11,31.35,36.12,27.86,18.99,7.49,25.27,47.96,41.97,42.8,43.98,47.18,43.59,43.64,39.6,45.01,46.75,43.61,42.59,42.5,43.15,50.93,40.73,40.21,45.6,44.03,44.57,46.15,47.04,43.37,49.4,46.19,45.67,44.04,48.2,25.85,18.95,24.01,39.7,44.65,49.88,49.68,48.85,47.8,46.85,47.73,43.05,40.31,21.46,25.07,48.58,47.99,46.95,51.66,49.24,51.09,50.06,48.06,48.4,49.49,51,46.28,46.71,45.58,43.08,49.94,43.44,40.81,44.25,39.44,42.6,44.89,38.21,43.33,38.27,44.23,40,44.9,42.01,39.36,37.25,36.93,39.49,38.69,34.07,35.85,28.97,29.76,31.94,31.02,29.53,31.29,30.63,29.38,29.97,30.45,31.98,30.62,34.37,34.25,29.59,31.9,32.02,26.16,23.82,19.42,18.5,16.99,15.03,21.16,19.8,21.1,21.59,17.77,13.88,14.98,17.74,19.5,22.65,20.72,20.03,24.17,18.77,13.15,16.48,20.63,14.53,17.03,15.65,12.67,10.59,11.21,12.42,10.36,12.45,12.6,10.99,17.12,21.6,12.76,11.15,11.13,16.43,11.64,30.6,12.04,12.05,15.3,12.54,17.69,11.21,6.8,12.72,12.33,7.68,11.24,6.2,4.95,16.29,4.89
22.87,26.72,25.68,25.69,22.5,24.73,31.56,26.69,27.04,30.3,27.9,28.41,28.73,28.05,29.69,31.28,29.39,27.08,28.06,26.77,32.3,31.69,35.27,38.2,37.32,17.32,14.07,5.43,12.42,17.59,12.19,6.77,20.03,28.02,40.25,33.2,17.37,14.42,16.19,27.05,32.79,31.11,33.64,31.74,31.36,36.82,33.71,30.26,35.94,33.27,27.72,28.16,32.76,33.65,30.48,29.17,32.16,32.25,32.14,32.27,33.47,25.3,37.5,32.83,37.61,32.71,28.06,15.86,17.67,17.49,23.27,32.97,35.81,38.29,36.13,38.62,34.58,36.87,30.2,24.7,22.17,22.34,25.81,38.36,35.34,37.76,39.26,31.74,32.7,32.71,24.53,25.58,33.94,31.44,30.64,32.56,33.82,40.58,42.37,34.86,36.98,26.15,28.89,28.5,29.37,29.25,29.84,35.78,31.03,33.4,39.67,33.72,34.05,26.57,26.89,26.96,26.86,27.25,25.15,19.17,23.44,22.61,22.79,20.69,26.69,21.51,20.85,19.03,20.55,21.39,20.42,27.46,17.32,18.53,22.06,24.58,15.86,23.47,23.29,21.86,27.5,25.14,19.56,25.03,24.39,24.67,20.69,20.74,23.41,21.42,21.93,23.26,15.31,18.63,17.03,21.45,21.88,24.48,21.89,24.53,18.08,13.95,21.81,16.53,22.8,18.11,14.97,26.13,24.02,20.58,18.91,23.12,15.7,15.67,20.84,24.93,19.52,17.74,16.26,21.43,14.89,12.46,15.75,21.18,12.87,13.38,17.36,18.26,18.28,16.8,16.03,24.5
10.3,12.08,10.47,10.1,8.52,11.09,9.86,8.44,15.05,12.06,10.22,15.96,12.8,15.85,13.43,14.29,12.08,10.74,14.58,12.98,21.35,21.73,19.7,18.27,16.22,9.23,18.9,9.52,9.72,10.77,9.8,7.3,28.5,34.81,43.72,38.09,20.44,7.38,10.52,11.06,10.58,12.5,9.62,18.3,14.2,16.2,18.14,21.3,18.32,9.42,9.83,9.85,7.67,7.05,13.76,13.12,10,12.41,12.53,9.97,10.7,7.13,9.86,6.17,14.12,7.59,10.76,4.81,8.18,6.3,7.57,13.46,10.38,10.31,10.88,11.3,8.76,11.84,13.17,7.21,13.29,14.71,10.81,16.09,12.05,15.44,14.07,12.35,13.9,14.83,10.69,12,16.89,10.85,8.37,10.94,23.17,29.38,33.57,32.66,22.63,20.55,21.54,15.16,22.39,19.21,19.19,27.57,24.8,25.78,24.54,23.22,20.35,11.87,13.67,18.57,23.89,25.86,25.04,19.19,19.6,18.46,19.25,22.73,25.39,17.43,24.18,20.35,20.73,24.75,24.16,23.48,29.52,27.13,23.95,22.44,18.84,28.17,40.87,41.5,38.05,29.32,37.11,26.44,28.01,28.69,31.38,33.02,35.73,31.68,29.4,26.14,24.21,33.16,30.95,31.75,31.38,27.58,25.43,30.01,33.98,28.69,22.95,26.38,28.97,28.66,27.34,21.16,24.23,22.47,27.03,21.36,27.03,21.44,26.14,31.94,31.54,30.47,31.45,29.01,29.15,25.19,24.86,21.26,24.01,24.5,23.7,18.26,22.18,25.26,22.91,14.79
5.6,4.92,6.08,6.72,4.85,4.74,6.87,6.32,6.7,7.91,4.89,7.84,8.94,8.61,6.06,9.99,7.5,6.24,5.48,6.23,6.93,17.45,16.08,15.1,18.81,11.4,6.18,7.2,9.11,16.43,12.57,10.02,36.22,33.83,42.25,34.89,21.37,9.57,4.05,1.76,4.69,6.25,6.75,7.92,13.92,29.09,30.03,23.62,23.17,24.98,12.66,5.48,6.06,4.18,13.71,11.8,15.54,14.04,9.82,8.6,10.83,5.92,5.93,4.76,3.25,7.75,1.83,4.96,7.41,12.07,6.32,4.39,3.66,10.15,8.4,7.73,4.74,2.99,4.16,4.13,8.07,20.93,8.46,6.16,10.3,5.6,5.37,8.82,7.98,9.64,6.68,5.45,3.94,8.15,8.64,11.6,17.66,23.92,27.56,22.07,21.07,19.25,23.34,21.36,22.62,28.61,26.68,28.38,28.31,22.23,27.44,25.53,20.94,11.36,14.17,27.16,34.77,30.62,36.18,41.33,29.39,33.49,33.23,27.23,35.98,46.52,32.95,40.89,32.39,31.76,30.76,35.02,35.67,36.03,37.35,31.52,27.08,38.08,43.67,45.24,42.31,36.86,37.06,30.42,33.63,34.93,27.95,29.2,31.03,29.05,29.05,28.16,34.79,27.96,32.48,26.88,28.52,26.95,27.56,19.91,18.98,20.07,19.7,23.1,19.66,20.76,13.97,17.11,16.38,12.98,24.29,19.42,25.01,35.6,38.28,38.52,39.93,37.05,35.72,39.1,28.31,23.75,23.48,22.01,27.54,29.5,21.88,25.31,34.41,21.56,18.71,18.67
6.15,3.7,3.09,6.21,3.8,5.66,5.63,2.43,3.68,4.93,3.15,3.13,2.94,4.26,5.04,2.46,2.48,9.73,6.19,3.74,16.57,19.58,15.24,18.52,14.56,11.47,8.1,6.29,8.84,11.88,15.26,10.17,12.37,19.55,17.83,21.84,15.99,11.34,6.63,9.05,6.19,12.95,21.25,19.47,27.67,40.89,45.24,44.38,32.7,38.08,24.95,17.54,4.89,14.25,35.03,30.77,35.74,27.51,17.6,7.49,6.33,7.09,3.81,4.85,6.1,3.8,4.17,5.92,15.19,7.74,6.1,6.81,4.21,3.52,5.42,6.92,6.18,11.88,3.59,2.85,10.14,9.87,8.98,7.22,6.71,4.71,5.61,11.12,4.74,7.31,5.96,6.64,9.32,5.89,6.72,10.49,17.29,22.04,26.67,21.48,23.43,30.12,26.18,29.64,36.84,25.92,35.72,34.52,37.05,31.19,31.75,19.12,24.61,15.05,21.49,30.01,42.24,41.22,40.35,44.29,42.17,44.17,40.35,40.04,45.14,46.9,45.08,49.05,42.32,43.92,44.36,40.32,43.25,42.82,43.22,36.71,30.62,35.56,38.02,28.99,23.92,29.13,28.92,26.61,24.74,30.44,25.4,28.34,27.09,22.11,25.53,21.94,21.74,18.87,24.85,21.23,17.61,25.39,19.76,30.41,18.62,12.31,17.08,17.43,19.24,14.83,18.15,8.28,4.48,14.6,18.18,20.38,28.36,31.93,38.35,41.33,35.72,41.59,41.58,41.44,37.13,25.64,29.58,28.23,26.02,24.6,30.96,34.35,39.41,26.81,65.79,19.49
7.08,5.63,4.41,4.96,2.43,6.31,8.13,8.84,2.79,14.91,10.77,7.12,6.41,4.94,9.95,8.9,9.1,4.44,7.01,9.57,12.76,19.28,23.74,16.15,22.04,19.85,6.25,9.9,10.02,13.62,16.9,9.89,17.67,10.39,17.45,10.94,21.3,20.23,20.6,25.27,27.72,35.58,43.63,43.97,41.26,41.69,46.79,50.81,43.13,44.87,31.44,22.31,22.36,29.62,41.23,51.29,51.3,52.72,35.98,18.84,19.01,5.53,8.55,9.38,10.92,7.16,3.52,4.69,12.25,8.59,4.19,5.45,6.78,16.33,16.19,12.99,8.15,12.28,6.18,7.82,11.58,9.21,4.73,4.86,5.92,7.84,6.66,9.16,10.59,12.38,14.98,9.43,14.36,16.18,17.58,17.42,22.56,40.12,31.05,35.3,40.18,31.15,41.92,41.13,35.95,38.68,37.56,27.32,40.67,37.56,35.06,37.78,31.58,32.18,18.08,34.06,42.73,50.94,42.4,44.21,43.29,44.36,41.19,40.9,46.99,55.3,49.86,50.37,50.85,40.77,43.46,43.72,46.82,46,47.04,42.82,39.88,45.16,43.92,21.76,21.59,30.97,25.8,25.86,32.99,31.79,27.66,34.29,31.36,30.84,23.68,26.27,27.78,26.3,31.36,29.25,30.95,24.64,25.55,22.03,22.53,16.77,18.87,24.38,21.52,16.95,18.89,10.33,9.1,11.03,24.1,21.11,25.29,31.33,29.57,31.5,34.58,37.16,41.43,42.49,33.93,33.43,36.82,30.98,33.22,24.06,32.48,37.96,45.25,30.99,23.97,25.95
27.24,12.17,10.92,5.54,3.17,9.63,12.9,16.01,15.85,21.99,20.47,19.09,23.57,24.97,22.44,19.79,28.13,24.63,32.53,26.99,21.08,28.21,34.12,26.84,32.94,29.51,12.84,5.99,4.24,10.35,14,7.56,5.77,11.88,12.73,20.06,34.42,41.17,44.79,43.03,44.46,47.64,52.96,48.95,49.27,36.35,49.3,43.31,38.65,33.66,35.5,33.32,36.23,44.16,48.34,48.76,51.88,45.1,45.44,33.38,28.04,22.03,15.97,10.81,18.5,12.99,7.24,12.14,13.83,11.96,12.03,21.85,15.84,16.18,10.07,19.56,15.2,16.42,8.8,5.42,15.76,13.34,6.49,5.05,6.91,6,12.1,10.44,11.07,18.16,17.66,13.69,13.01,15.98,13,21.39,24.48,25.91,33.42,27.57,33.45,33.98,36.88,25.35,26.57,32.19,36.45,37.59,46.62,47.26,45.58,37.68,46.54,32.57,17.63,28.25,39.56,45.27,43.02,45.73,38.45,44.3,36.57,37.66,39.01,50.23,46.35,46.59,51.27,39.79,40.18,43.51,46.76,46.35,41.61,48.85,37.22,41.46,33.72,19.59,20.42,28.82,31.11,35.31,36.96,39.47,34.71,40.6,35.2,31.19,30.82,27.48,30.96,34.5,38.19,30.05,28.81,41.66,30.15,32.54,21.82,21.72,25.57,23.78,29.6,29.99,19.36,12.73,18.7,16.43,16.61,19.45,24.51,33.87,36.4,42.32,41.05,43.35,43.17,43.95,37.28,37.52,35.42,30.95,36.46,31.35,37.66,46.34,45.51,34.97,28.01,22.5
27.47,24.9,15.88,4.99,5.75,15.84,21.73,17.2,22.02,26.31,27.12,30.69,31.6,32.29,34.44,35.04,27.42,35.18,34.86,35.11,34.62,38.63,40.76,35.65,33.85,33.93,20.95,14.04,7.69,7.8,7.41,15.41,6.77,13.46,13.24,26.41,30.56,42.17,49.82,51.62,52.98,51.07,52.8,46.3,32.38,30.58,30.96,28.7,23.67,19.93,22.75,28.36,26.52,25.93,38.08,24.42,41.04,41.33,33.87,25.64,26.83,22.18,17.31,17.01,18.06,12.84,11.83,12.24,20.36,17.45,17.84,10.99,13.75,16.48,15.34,17.28,18.09,17.6,20.91,12.61,18.32,14.83,10.4,11.17,5.14,8.07,11.21,15.5,18.63,23.99,19.06,15.89,15.67,28.09,24.05,22.38,16.46,24.78,24.93,30.04,16.1,30.38,29.26,25.41,21.34,28.54,35.08,41.63,44.16,45.3,39.98,40.52,43.19,32.68,20.19,21.49,32.39,34.88,38.23,32.96,36.99,35.83,32.26,33.54,39.39,36.07,32.23,38.5,33.35,30.4,33.58,39.16,46.79,46.32,43.21,48.09,39.09,35.59,32.02,22.38,21.45,28.67,35.74,42.05,38,40.08,39.13,37.99,36.72,42.57,38.39,41.57,35.74,40.12,39.88,35,40,33.71,30.27,31.05,37.35,63.37,23.77,32.58,33.88,32.64,26.07,29.49,25.86,23.42,22.39,19.85,28.63,38.49,46.57,42.07,40.47,50.15,54.6,54.64,32.08,28.91,34.32,32.97,31.8,28.53,37.67,38.36,32.53,33.37,32.02,32.95
29.13,24.48,13.28,7.1,5.27,17.85,25.64,28.71,26.89,30.13,21.89,35.17,29.74,31.33,30.24,31.27,26.3,23.02,31.95,34.09,35.94,33.94,35.79,39.32,33.87,41.04,24.9,9.93,9.68,7.9,13.53,12.45,12.65,5.66,6.76,16.73,15.3,35.51,46.23,56.23,55.31,54.09,44.95,31.28,13.84,14.69,18,24.61,18.39,14.29,17.6,22.27,18.81,11.73,26.01,23.38,23.14,11.96,25.83,22.75,30.13,18.94,22.15,15.6,27.86,24.53,26.34,30.8,25.83,31.21,20.9,29.35,27.15,21.8,24.52,39.48,31.21,29.83,27.63,27.43,33.88,24.6,28.65,29.57,22.13,28.11,28.35,31.52,27.5,30.46,36.47,24.64,27.74,30.26,41.19,34.78,31.91,27.47,39.57,42.05,28.55,39.71,46.56,33.02,32.85,36.3,49.61,53.84,55.26,49.83,47.1,45.83,41.94,29.88,17.27,26.04,25.88,31.03,27.38,25.05,22.13,22.57,29.87,24.62,26.58,13.76,21.85,25.69,16.13,28.84,22.23,37.84,48.79,47.89,44.69,49.58,36.37,41.18,27.34,24.54,17.17,32.64,41.94,45.56,36.87,39.64,37.89,43.03,46.79,38.66,38.62,35.45,42.23,42.58,40.54,45.3,41.6,41.26,35.06,35.1,43.29,39.91,30.34,37.79,37.58,37.12,35.1,31.19,28.57,24.89,24.21,25.56,27.32,31.4,40.64,45.26,47.6,56.37,62.47,63.02,39.32,32.61,30.66,32.06,37.16,31.15,33.61,34.58,34.1,44.48,48.15,42.55
22.47,17.44,13.35,5.76,7.01,18.03,22.91,27.56,23.7,30.86,27.71,34.69,33.78,30.89,33.91,28.73,28.13,31.71,32.5,31.4,30.36,31.41,37.92,35.03,31.34,32.34,39.81,15.15,11.85,8.79,11.98,11.13,7.47,6.2,11.83,9.61,7.34,26.83,46.52,47.87,48.1,45.48,44.76,30.54,25.9,17.03,29.43,37.78,35.14,27.82,30.56,40.78,34.82,30.7,33.06,36.72,41.73,29.03,30.77,41.36,42.57,32.5,35.85,41.56,39.25,36.86,44.59,44.05,41.77,34.17,42.66,45.24,36.67,30.4,41.36,50.9,43.68,40.94,41.16,46.49,43.57,49.23,43.17,45.83,38.8,42.68,39.55,45.66,35.31,41.53,50.2,46.44,39.03,42.69,45.1,45.19,41.98,43.89,45.69,43.87,38.53,41.35,41.23,44.07,42.49,48.1,48.93,51.91,53.81,53.93,50.3,45.3,44.7,33.5,19.93,21.55,22.61,32.62,29.55,24.58,28.83,25.87,30.53,24.34,28.01,26.63,20.88,18.57,16.11,19.07,27.17,45.37,46.16,51.24,46.47,45.95,41.85,39,35.75,20.36,25.27,35,40.67,45.06,42.93,44.58,45.46,44.34,50.12,41.64,42.34,34.4,44.82,41.83,42.78,42.01,44.25,40.06,36.26,36.85,36.31,39.29,39.91,39.33,39.83,34.32,34.62,36.17,30.95,19.55,24.81,23.63,28.09,41.39,41.02,51.06,47.51,50.02,59.99,59.26,42.92,27.38,26.12,27.63,38.55,28.09,34.24,30.64,23.26,38.06,36.64,24.73
17.5,10.38,8.95,4.42,4.4,3.83,13.55,13.99,21.45,18.43,15.85,15.32,17.81,19.17,20.4,19.76,21.93,17.73,26.73,17.81,27.32,23.58,26.8,17.26,27.97,28.67,33.03,26.74,19.66,9.15,7.3,10.26,5.73,6.25,24.94,9.14,8.79,26.17,42.59,47.68,48.72,45.85,37.59,24.75,29.53,33.92,37.05,42.84,44.22,37.45,41.65,49.13,48.08,38.33,39.56,50.11,40.3,44.62,40.77,44.68,42.83,47.54,47.33,41.78,47.86,48.12,44.73,42.79,42.51,45.17,44.25,47.83,45.26,47.67,43.38,47.8,43.6,44.74,44.48,43.39,45.87,45.12,42.81,44,45.27,49.81,44.43,40.04,46.74,47.67,47.58,49.23,44.64,43.69,45.48,47.16,50.62,49.35,47.03,43.08,46.84,45.82,44.11,42.85,48.6,46.97,43.01,45.01,55.28,50.02,49.07,45.71,44.31,29.77,22.21,21.55,24.74,30.36,32.03,28.94,29.82,32.88,34.7,30.88,30.33,35.93,27.95,27.55,20.1,23.57,31.66,41.76,42.94,50.01,44.33,42.82,47.88,42.41,32.26,23.54,22.73,33.83,44.08,44.27,47.67,51.88,50.71,43.39,46.07,46.8,45.54,47.07,45.86,40.47,49.39,36.07,43.04,40.05,50.24,35.75,42.83,29.93,33.67,43.78,35.65,40.33,34.33,35.14,31.12,26.16,24.43,23.64,28.74,40.8,44.06,44.64,47.52,46.78,58.31,61.81,42.35,23.4,25.68,32.96,35.99,32.4,34.52,30.02,21.25,21.67,17.12,8.76
5.57,10.16,7.37,9.32,2.52,3.86,6.38,9.6,4.7,6.38,9.39,7.57,7.33,6.3,10.98,10.56,10.14,8.19,5.01,14.12,13.17,16.52,9.98,11.89,11.3,15.83,27.52,26.75,20.63,14.6,11.71,5.84,8.85,7.27,5.16,5.39,5.19,15.59,37.21,41.4,47.06,53.46,44.29,29.7,34.71,42.25,46.04,45.48,42.88,39.99,43.46,42.74,43.16,44.29,44.32,37.88,38.6,40.51,51.23,38.44,44.88,46.54,46.4,40.05,39.32,47.48,39.21,42.23,43.43,53.56,44.81,40.5,46.14,49.23,41.84,38.03,49.14,45.9,50.47,40.09,43.28,48.94,36.39,44.11,45.82,48.88,43.04,42.15,49.22,45.91,43.75,39.51,41.82,47.05,46.75,43.07,52.88,50.43,45.11,44.23,46.61,49.38,47.67,49.94,47.97,42.93,43.37,45.88,50.53,49.35,43.92,44.55,37.69,35.01,31.56,27.86,33.08,34.01,38.93,32.76,37.43,34.92,37.03,40.79,42.93,43.47,40.59,31.03,29.06,32.23,30.85,46.03,44.66,42.25,42.51,42.75,41.95,37.36,34.3,22.76,22.69,44.58,60.63,56.48,50.02,50,48.59,52.51,52.41,46.23,45.7,44.03,46.77,43,43.72,40.22,44.24,41.77,38.05,42.59,41.14,42.85,41.47,43.16,38.57,35.08,37.11,35.65,28.94,26.37,34.77,24.91,26.97,36.3,37.52,39.28,39.81,49.46,54.03,55.87,44.5,19.53,23.9,30.91,31.03,36.41,31.52,20.05,7.5,3.78,7.54,8.74
9.98,14.57,11.18,12.46,8.12,13.19,9.97,10.17,10.6,16.79,13.62,8.1,12.68,9.36,15.69,22.39,11.38,13.22,8.66,12.47,17.47,7.7,10.14,14.27,10.09,16.62,24.78,33.89,26.47,24.92,18.54,13.07,10.37,9.38,4.85,4.13,8.68,14.99,34.19,42.44,49.47,46.29,39.56,28.1,42.78,54.64,45.21,39.07,43.83,45.11,42.35,40.91,45.25,43.49,43.53,39.2,42.22,44.63,42.99,41.88,47.7,43.85,41.41,36.21,44.86,44.95,45.77,41.34,48.45,39.36,47.32,40.98,49,43.6,44.34,42.44,46.23,43.21,50.9,48.16,46.39,44.25,44.58,47.12,45.24,43.74,44.34,48.49,45.05,41.86,50.19,43.84,47.81,46.93,49.61,44.15,45.91,43.31,50.47,45.82,40.94,45.88,44.99,52.11,44.67,44.1,46.19,48.45,44.66,46.36,39.93,42.76,46.89,39.47,42.12,43.87,46.22,40.53,44.19,46.22,35.94,43.05,42.6,37.35,40.21,40.15,41.96,36.5,37.35,39.4,42.69,40.81,45.44,40.18,40.36,39.72,42.7,39.59,29.4,27.82,29.1,37.06,49.97,48.19,48.35,54.88,51.93,52.35,52.51,46.29,45.19,47.2,42.72,40.85,43.7,44.21,44.52,39.41,40.02,38.96,41.95,46.47,40.32,36.34,36.66,40.66,40.25,32.99,30.47,30.17,31.62,25.09,34.44,38.04,40.03,41.49,44.89,47,56.3,53.5,50,14.56,7.32,23.15,33.36,29.75,19.95,8.64,8.02,4.4,5.1,4.99
13.25,16.25,18.49,19.92,17.38,15.09,20.03,13.89,20.62,18.93,23.15,24.46,20.08,18.29,23.57,28.52,18.13,12.38,14.38,19.97,21.19,25.44,25.44,22.49,11.27,22.14,33.01,28.85,34.62,35,19.18,20.07,13.69,11.07,8.63,8.09,10.94,23.81,35.65,35.08,39.69,38.19,37.52,24.89,34.17,35.4,37.84,41.1,43.31,40.04,40.16,43.86,43.41,40.06,38.9,44.25,39.54,35.07,41.26,48.33,45.95,40.84,48.48,43.53,44.15,40.33,42.78,47.94,46.31,39.71,48.93,50.4,42.22,37.25,43.25,49.48,39.17,44.32,46,48.37,42.45,41.34,46.06,44.82,39.55,40.09,47.83,48.23,39.92,46.74,48.83,45.8,45.28,49.16,47.01,47.31,44.48,46.91,46.07,46.02,43.17,42.92,50.73,45.95,42.95,46.94,48.04,47.4,46.8,48.04,48.72,41.02,41.77,41.63,46.4,45.73,43.54,44.33,42.11,45.19,44.45,40.19,40.19,49.97,41.93,44.19,41.32,41.45,42.48,37.36,45.21,40.82,37.94,38.79,43.4,35.68,46.24,36.37,36.97,34.11,27.31,34.1,40.47,51.45,47.43,49.26,48.17,46.88,46.92,37.6,40.12,43.49,45.24,40.5,40.82,42.94,43.69,35.33,42.33,44.21,34.86,34.77,42.12,44.13,40.16,43.57,41.97,38.72,29.26,36.41,33.12,27.45,33.54,41.46,46.45,46.06,48.71,45.95,49.52,51.42,31.71,5.01,6.31,8.17,16.42,17.69,13.23,8.15,5.08,4.34,6.41,5.2
21.95,19.45,17.79,22.5,20.39,19.38,20.47,18.9,22.41,20.82,15.97,26.4,28.84,22.1,18.09,22.38,20.56,21.84,19.96,27.21,22.62,22.48,33.07,22.56,19.32,17.49,29.32,28.5,34.36,34.95,28.14,27.59,26.7,25.18,18.58,20.84,19.07,36.02,32.68,37.14,30.56,37.72,29.53,22.82,32.09,29.71,39.02,45.42,36.49,41.01,33.09,45.86,42.83,40.8,46.12,44.08,40.69,38.45,41.28,41.09,41.97,42.04,45.14,43.3,44.02,45.69,44.38,46.87,42.29,43.45,39.4,42.4,46.24,45.98,48.13,46.89,42.17,43.78,42.92,40,42.82,46.97,44.45,41.06,50.18,46.63,45.16,42.34,46.91,47.81,50.65,38.92,47.59,42.72,42.19,37.95,47.49,48.48,44.45,42.69,42.36,46.15,44.69,42.16,49.05,44.21,43.64,45.57,50.95,49.45,47.32,37.11,43.75,38.21,46.7,48.21,39.72,42.14,46.82,46.41,43.3,43.4,42.08,41.55,40.27,45.02,40.38,40.54,41.28,48.8,44.61,39.78,42.67,44.35,51.07,38.55,35.76,40.29,40.1,44.64,34.21,38.73,39.11,42.42,41.84,38.4,39.69,43.11,40.08,41.32,37.7,38.26,37.34,41.93,38.3,40.81,39.62,37.24,37.43,34.2,35.83,40.59,44.84,42.23,39.07,46.17,42.06,34.74,30.87,33.79,34.14,29.95,35.74,37.2,42.46,45.01,52.76,50.97,45.99,43.46,24.98,4.96,6.95,7.45,4.46,8.77,9.33,1.27,2.58,5.82,4.94,5
17.86,14.32,19.74,20.7,17.58,21.38,17.04,17.58,19.33,17.43,21.87,19.29,13.2,24.91,20.09,18.02,18.27,21.39,20.47,21.31,21.84,22.6,15.4,21.73,16.16,18.33,25.42,33.09,39.36,27.01,26.96,39.19,29.1,32.41,33.17,29.22,34.59,38.15,33.46,27.86,46.8,31.51,24.8,17.09,34.42,40.2,38.47,37.09,36.72,44.91,40.38,38.29,38.05,40.64,52.36,38.81,41.69,47.89,41.26,38.32,38.8,43.18,38.34,34.1,36.54,40.98,44.21,39.49,42.09,46.93,42.2,40.34,47.14,47.64,43.53,42.16,44.82,46.82,41.99,40.72,44.61,42.86,41.95,38.73,45.09,46.64,40.8,39.34,46.32,45.83,46.63,44.95,44.99,48.05,43.68,49.63,47.43,46.17,44.61,44.4,49.17,48.35,42.55,41.12,48.86,42.16,44.15,44.67,48.76,47.8,42.01,39.94,39.35,41.55,44.89,52.93,41.95,44.88,43.81,43.68,38.66,40.7,49.93,43.08,43.58,36.89,42.23,41.1,40.73,39.41,40.21,40.19,40.29,42.83,38.75,40.39,44.43,37.47,38.08,43.92,40.82,38.18,28.68,38.61,39.08,43.53,40.05,41.38,38.16,40.3,38.69,37.11,35.79,39.95,40.62,43.22,40.21,38.31,39.66,39.03,37.64,37.9,32.25,50.21,45.8,50.49,37.55,39.9,32.38,30.14,26.74,25.05,28.57,39.99,43.77,41.38,49.05,46.92,50.2,53.44,25.72,17.2,11.46,4.95,5.09,5.57,4.33,3.11,4.36,3.55,6.64,5.27
16.23,17.69,16.8,19.05,21.47,21.13,19.35,14.91,18.08,17.57,15.62,16.14,19.42,24.24,20.03,26.41,22.64,22.98,22.06,19.61,25.96,26.34,21.01,25.1,18.04,12.42,22.94,31.44,28.7,27.38,33.92,30.37,33.56,34.28,31.68,30.27,34.4,30.52,29.17,44.32,29.36,30.64,24.85,17.03,30.31,46.03,47.16,39.74,36.11,40.92,39.31,40.49,41.57,43.68,41.95,36.82,38.59,36.67,40.53,41.18,37.22,45.81,45.92,40.21,43.65,41.05,43.61,41.01,35.77,41.43,45.43,43.23,44.36,41.35,49.48,47.29,43.9,45.56,46.38,48.71,42.84,44.81,44.33,48.35,46.19,44.67,45.74,43.89,46.85,40.86,45.97,42.27,46.53,44.44,47.06,49.85,42.14,45.19,47.96,45.64,41.98,42.75,47.44,48.4,41.88,39.99,44.52,45.82,36.89,38.59,43.29,43.47,35.21,40.14,40.96,44.18,43.11,38.34,45.07,39.67,40.99,39.61,51.23,40.59,49.29,40.28,42.94,41.46,45.25,43.85,38.92,35.02,42.65,42.4,38.85,38.62,44.79,41.69,42.32,42.79,36.53,38.46,35.86,50.69,39.11,31.74,37.72,44.47,34.43,38.38,45.6,42.03,37.5,37.03,32.45,33.77,40.38,38.52,37.98,40.76,36.88,39.19,43.3,35.18,36.74,39.28,37.28,33.39,32.66,37.2,27.84,34.9,20.18,34.35,40.52,43.25,54.37,53.44,46.74,47.07,26.52,16.42,17.76,6.3,7.08,5.76,7.66,5.06,6.29,4.38,6.31,3.1
15.74,20,20.55,13.19,19.9,20.22,15.94,17.62,28.27,12.45,17.45,18.71,18.17,23.89,21.18,18.71,17.31,19.29,28.25,24.97,24.81,24.16,24.84,23.26,18.84,20.39,29.81,34.89,25.42,33.77,33.44,36.09,31.6,43.58,31.84,34.43,34.03,31.66,32.44,40.47,38.72,32.88,22.8,11.3,29.22,35.96,39.57,41.67,44.51,38.46,36.65,36.93,43.43,33.78,42.45,45.07,41.86,34.31,41.47,43.79,45.64,39.4,42.28,40.69,44.22,34.08,41.64,43.78,43.42,35.69,42.72,50.75,47.44,36.4,39.73,46.67,43.68,36.06,41.23,48.4,41.11,43.81,49.23,44.52,44.69,36.64,43,46.91,40.3,44.22,49.37,46.29,42.9,40.53,43.57,44.53,39.37,40.26,50.8,43.64,44.03,41.91,42.47,46.85,42.14,41.08,44.4,50.02,47,43.6,45.09,41.67,40.3,39.38,36.15,35.27,34.39,36.35,37.7,32.38,43.36,41.08,42.19,41.71,46.69,41.42,47.09,44.13,45.63,41.95,41.71,38.07,36.98,30.43,37.01,38.82,39.7,41.44,40.04,44.03,43.16,38.97,42.42,38.5,37.64,39.04,37.45,43.47,39.64,38.71,37.59,41.6,35.89,36.54,39.87,32.47,38.36,38.38,37.78,38.84,35.55,39.57,38.3,43.14,47.68,47.84,38.99,37.22,41.28,31.67,32.62,27.38,28.47,40.6,43.21,46.23,47.46,51.88,53.23,40.33,34.43,29.36,25.7,18.44,35.19,23.13,16.8,14.62,15.29,12.72,15.94,14.8
10.58,21.29,20.53,13.69,18.57,18.6,20.83,19.87,19.37,21.66,19.48,16.24,15.72,21.03,23.63,19.2,16.31,21.36,24.96,19.88,22.98,25.91,21.13,27.33,24.93,25.53,27.01,33,39.09,28.32,31.31,32.56,35.9,36.26,27.88,35.01,38.24,33.62,39.05,30.34,38.83,29.83,23.34,31.92,25.34,36.38,37.51,37.59,40.2,39.85,40.6,44.9,40.75,31.88,38.99,45.28,45.74,40.08,43.52,44.22,42.42,39.69,43.44,39.87,38.23,41.16,46.03,39.34,42.22,41.38,45.4,42.74,41.57,42.56,40.75,48.3,42.42,51.2,42.19,44.58,38.39,44.22,40.83,41.52,44.31,46.32,41.96,43.13,45.48,46.42,42.41,38.13,45.62,47.21,47.39,52.54,45.04,45.59,45.21,38.66,49.5,46.92,35.8,44.36,44.46,46.18,45.81,41.96,48.13,46.09,47.79,40.89,45.71,41.22,42.55,40.59,43.18,33.45,40.82,41.9,38.53,39.21,39.55,37.22,40.9,40.08,40.53,36.54,41.89,44.04,38.05,40,35.36,38.92,43.15,43.74,29.7,36.98,35.4,35.14,43.23,43.18,34.89,40.77,38.76,30.77,34.95,39.95,40.09,52.91,44.66,42.03,39.05,35.14,33.7,36.4,37.05,37.72,40.31,34.02,38.7,42.24,38.95,45.83,42.87,42.6,38.93,37.63,35.86,33.22,37.85,28.8,33.16,36.63,40.14,41.31,49.43,49.6,43.77,48.54,41.08,33.28,34.89,28.72,28.79,24.6,23.62,27.99,30.86,26.5,24.44,22.51
15.19,14.92,17.44,16.84,18.85,19.61,18.04,21.85,19.99,17.47,21.95,20.58,21.81,21.69,23.04,16.97,19.39,23.98,17.47,23.15,24.38,20.61,20.55,28.47,16.36,20.8,29.58,31.38,32.16,35.45,38.37,37.93,32.88,32.4,36.42,31.15,40.13,39.37,36.01,44.46,33.06,35.37,27.39,20.15,30.16,44.14,48.06,40.09,38.52,36.33,44.99,34.62,38.64,42.78,42.13,36.21,40.64,41.3,46.35,35.01,47.19,41.49,41.64,41.15,37.52,46.9,48.1,36.1,36.41,43.21,46.69,36.9,31.57,47.48,42.61,35.77,41.49,46.75,44.14,40.64,49.02,43.67,47.54,36.42,47.81,44.19,43.77,43.52,43.25,44.22,36.62,38.16,47.28,44.12,41.73,46.4,45.53,48.15,44.44,45.63,44.96,41.68,44.48,47,43.17,45.23,40.29,45.06,46.52,50.37,41.41,43.01,39.18,44.68,37.44,37.97,41.35,41.09,41.25,41.33,35.22,34.68,37.88,43.46,44.15,38.11,36.18,42.54,37.36,35.19,36.22,38.65,38.38,40.12,38.88,36.2,40.8,35,38.78,40.84,42.06,33.84,31.85,39.7,41.15,33.68,38.69,32.85,40.06,37.77,36.32,36.39,35.57,29.43,37.48,36.38,38.7,46.51,36.39,37.8,38.18,41.3,35.73,39.38,41.08,41.23,44.15,40.72,36.49,29.31,32.16,33.59,31.55,28.44,45.46,49.41,44.31,50.57,45.72,50.87,36.83,30.32,29.58,34.01,28.7,27.92,27.06,32.01,30.49,33.22,34.66,34.1
18.79,19.95,20.69,18.6,16.23,19.31,22.3,23.92,20.1,17.56,23.61,20.07,24.57,18.72,23.79,19.43,19.88,22.9,25.8,21,23.66,18.53,23.54,23.13,16.27,15.6,25.35,32.87,33.37,26.24,36.8,28,29.59,27.63,30.98,34.21,41.26,37.46,43.05,36,31.13,37.4,29.09,17.45,28.92,40.12,46.54,38.78,34.47,38.63,42.29,41.5,40.86,41.79,38.69,31.4,37.77,40.27,39.97,40.24,41.26,40.86,42.47,42.15,42.19,39.7,40.29,39.26,42.85,43.89,39.23,39.08,45.94,36.59,40.14,43.08,40.59,42.23,43.91,43.35,42.64,37.09,43.14,42.7,39.97,44.52,45.7,49.89,44.42,40.32,44.82,46.43,46.57,38.17,42.14,47.7,46.51,42.44,43.26,43.03,35.38,40.34,43.57,43.71,40.8,43.66,48.74,44.13,37.82,43.21,39.15,38.07,37.4,37.28,41.74,40.12,42.99,38.73,37.62,38.44,37.96,37.03,38.75,37.32,40.61,35.58,45.38,36.76,41.84,42.66,35.95,37.5,31.1,42.6,39.99,35.49,35.42,36.89,43.2,33.87,40.39,35.29,39.58,35.37,36.77,38.5,41.65,44.13,42.63,36.95,33.83,30.25,35.17,34.25,34.15,36.95,34.71,37.05,34.12,40.86,37.65,35.53,37.03,35.73,33.97,37.66,43.48,39.12,36.89,28.58,35.07,23.62,26.86,35.61,46.16,44.1,45.44,49.96,45.15,47.84,34.11,26.11,24.99,34.51,32.07,31.69,31.5,28.1,25.74,32.11,31.26,23.79
10.55,21.44,14.48,15.51,18.88,23.17,19.41,11.96,20.52,16.9,19.38,22.44,24.27,16.45,21.08,25.57,20.02,20.88,21.59,19.37,20.99,17.52,18.88,27.82,22.4,21.65,30.53,33.77,31.68,35.93,32.32,30.59,36.46,39.73,34.51,42.29,36.78,41.64,35.48,36.26,36.22,31.68,24.29,16.78,23.17,35.06,36.03,40.94,39.54,39.29,40.39,42.49,44.23,34.93,36.97,46.7,39.73,42.08,39.78,43.81,43.45,41.59,37.59,44.16,43.12,36.94,35.69,43.55,38.58,39.23,41.03,47.58,42.03,38.98,41.37,43.9,49.86,34.1,40.94,51.14,40.08,42.2,39.33,42,44.41,38.95,43.81,43.56,41.39,35.9,42.02,38.76,40.02,38.15,41.14,45.17,40.9,38.49,46.85,39.48,46.92,38.71,45.83,46.31,43.38,42.65,42.3,43.12,42.8,44.71,43.65,37.46,43.55,43.55,38.08,41.18,42.59,36.85,36.52,37.87,39.02,34.8,36.04,33.54,35.68,38.7,41.43,33.87,35.48,36.15,43.03,38.68,40.38,44.97,41.16,38.67,36.83,35.9,31.9,42.01,41.97,36.35,36.99,35,37.39,35.47,39.61,32.48,34.37,40.17,43.22,29.9,38.53,35.35,35.05,35.27,32.58,36.85,33.27,32.26,37.16,36.38,37.29,39.65,38.51,42.22,40.92,37.23,30.87,33.83,32.92,28.18,25.79,31.53,43.5,40.08,49.95,50.38,45.64,43.31,38.57,34.13,30.79,34.1,25.77,26.79,23.65,28.73,29.92,30.54,28.48,28.75
16.34,18.75,15.09,19.27,17.46,19.33,22.51,16.2,17.49,27.35,25.38,21.86,19.22,24.87,16.27,21.48,19.98,21.72,22.95,21.18,20.83,19.55,20.93,21.24,17.41,24.84,26.21,26.08,36.73,34.94,31.62,33.64,33.58,36.08,36.38,31.06,36.97,31.85,32.69,32.44,35.07,28.34,28.32,15.67,27.59,29.79,37.92,39.28,40.17,40.95,37.63,36.68,41.53,44.6,37.72,38.89,40.91,41.33,41.46,44.2,44.23,40.78,40.56,42.64,44.02,45.32,44.43,41.75,39.27,46.09,44.62,43.76,42.61,36.45,47.04,35.6,43.05,43.93,42.66,38.79,42.29,45.97,44.14,39.73,42.76,46.22,45.09,35.83,42.8,40.55,44.33,41.54,43.18,51.01,37.29,40.37,46.79,44.53,43.77,35.7,42.07,44.93,44.05,40.04,46.81,45,39.55,53.9,45.14,48.58,49.19,32.75,39.98,35.99,42.98,32.09,37.81,42.35,41.11,35.15,38.18,35.45,37.85,36.89,38.5,32.38,33.25,36.02,40.65,40.54,33.54,37.86,45.2,38.9,37.64,33.58,41.48,31.37,33.84,31.16,32.46,34.29,33.11,39.47,36.06,34.48,42.27,35.19,35.88,33.69,38.78,34.77,32.65,33.17,30.14,38.26,36.8,39.54,38.37,41.83,39.57,41,45.45,45.46,38.32,40.82,40.4,37.8,29.77,36.69,26.8,34.43,26.86,29.97,33.26,42.14,46.42,47.42,46.44,39.93,31.84,27.64,29.08,28.44,27.98,28.77,38.39,30.16,34.89,29.45,26.87,26.89
18.67,16.58,19.72,22.7,18.7,22.97,20.32,18.56,24.1,21.77,23.62,18.2,19.06,17.49,22.82,13.76,21.94,21.83,19.87,15.82,27.45,19.2,22.05,20.46,25.81,20.61,25.36,29.63,38.38,37.88,29.06,36.67,35.99,38.5,31.81,34.07,37.4,36.78,36.19,37.33,41.86,36.71,28.96,17.12,32.17,43.81,44.01,39.54,42.89,43.3,45.02,38.24,37.97,44.97,44.92,43.05,36.43,41.05,46.77,35.13,38.52,43.1,47.7,41.51,34.73,46.01,43.97,37.59,34.05,47.65,43.46,35.16,42.08,41.51,45.46,38.77,43.06,41.57,37.11,36.71,39.69,44.4,34.81,37.28,36.71,39.01,40.27,34.25,43.45,44.46,40.59,44.29,33.4,45.29,39.2,39.06,40.98,43.41,46.49,39.51,46.05,40.55,40.61,43.83,40.36,37.69,40.81,41.1,42.73,47.97,39.59,39.1,42.15,41.21,42.01,40.06,37.88,35.09,43.02,43.78,38.55,43.06,38.35,39.54,37.51,33.01,38.75,31.15,34.13,39.55,38.69,38.63,37.89,34.18,34.42,35.08,42.25,37.26,33.77,36.74,36.63,31.76,33.8,32.78,32.99,36.55,31.91,33.76,33.3,29.15,36.21,33.2,38.56,34.34,37.73,38.52,34.92,37.18,34.94,34.68,30.19,33.46,42.59,40.85,40.71,43.38,43.32,29.8,33.67,35.25,31.14,28.15,29.43,32.79,38.78,41.5,49.05,49.35,46.45,45.18,38.51,29.58,28.73,30.83,30.08,30.08,30.83,32.06,33.52,31,30.58,36.35
14.65,15.04,24.09,18.32,18.75,18.05,21.3,22.85,19.73,16.78,16.18,19.68,20.71,23.81,32.65,24.18,16.87,25.63,18.06,23.1,23.64,25.48,36.56,20.58,14.9,14.59,24.11,25.47,29.44,30.57,32.88,37.6,29.85,31.25,29.68,37.98,30.5,33.64,34.25,32.98,36.63,33.55,26.23,12.88,30.41,46.06,43.41,41.46,36.71,40.28,39.16,40.78,43.75,42.67,42.72,40.4,38.11,38.28,43.71,41.56,41.87,40.46,38.29,42.03,42.77,41.16,40.45,41.56,45.16,40.25,41.18,46.02,44.42,38.49,48.14,42.2,41.71,41.36,39.89,45.44,47.18,37.73,38.36,44.81,40.48,41.95,43.3,45.66,45.32,34.68,43.6,45.39,38.08,40.59,41.44,48.51,44.34,42.11,43.69,42.62,37.48,34.52,39.83,43.4,36.49,39.37,41.59,49.37,41.32,41.45,40.62,38.06,34.87,41.57,37.58,34.86,34.1,40.1,39.94,38.9,33.16,37.96,42.02,27.84,44.33,38.53,36.78,37.04,38.73,34.39,38.42,34.27,40.54,38.76,41.45,40.82,32.21,37.52,31.73,35.95,36.07,37.6,40.1,31.27,34.74,50.83,36.27,32.65,32.41,36.15,35.74,37,38.44,31.22,33.7,34.86,29.89,37.05,28.81,32.56,38.75,35.26,39.79,33.42,43.03,41.87,36.94,35.81,39.18,32.57,27.42,30.51,26.73,36.95,41.35,51.45,50.73,52.41,48.51,46.25,28.53,35.82,32.1,28.2,28.76,28.41,28.19,25.14,28.06,26.82,24.19,31.9
16.95,19.07,18.81,14.34,21.14,19.24,12.03,14.29,20.76,16.81,22.42,15.7,21.39,20.78,20.53,18.76,24.15,23.61,19.34,19.3,23.51,33.88,19.38,20.6,15.51,14.54,26.65,36.46,28.76,31.08,31.52,32.7,33.68,34.98,27.77,32.18,42.16,34.86,25.89,49.35,41.8,38.16,28.18,23.24,28.96,35.85,39.01,40.22,46.8,33.43,35.78,42.42,43.59,41.98,39.67,45.5,45.52,41.46,42.38,45.45,39.75,37.39,45.94,44.48,40.24,39.2,40.55,48.49,43,36.77,38.54,45.49,41.9,44.44,42.25,46.08,43.14,42.11,40.34,45.84,44.6,32.6,44.35,46.82,44.88,44.34,38.24,47.97,45.98,42.72,42.39,38.04,38.48,42.98,44.74,42.47,39.07,41.17,41.84,44.29,44.16,42.55,38.47,41.16,42.49,42.14,42.61,43.28,40.45,49.12,52.78,43.15,36.45,44.07,36.03,36.46,39.61,35.53,35.1,37.79,40.23,36.72,34.25,32.26,39.71,35.16,36.91,37.3,35.3,35.15,36.82,33.47,38.8,39.17,35,35.5,37.8,37.12,39.03,38.18,37.16,37.55,35.96,38,37.14,33.91,40.98,35.97,33.53,38.93,35.42,35.05,35.35,36.03,29.45,35.66,31.68,36.75,34.33,33.88,33.39,27.43,41.59,36.98,38.4,35.61,40.64,42.31,29.23,33.67,34.04,31.18,26.7,38.05,42.02,47.49,49.96,50.76,46.21,42.31,31.67,30.57,29.35,28.06,26.15,30.5,28.11,25.84,30.03,28.74,32.06,27.81
18.96,15.48,13.2,19.41,13.89,17.04,19.91,19.48,21.94,20.46,15.71,14.93,19.44,21.16,23,19.23,25.76,18.85,21.31,19.23,18.96,21.98,26.02,20.59,14.76,18.69,29.4,28.49,29.63,35.42,30.28,31.63,29.16,30.36,38.95,34.73,37.63,33.19,35.84,30.36,34.25,30.09,24.21,16.8,26.88,32.04,36.41,37.07,44.99,42.43,41.76,42.88,44.68,40.23,42.71,42.58,46.4,43.34,40.94,37.52,39.26,40.25,39.01,42.79,41.24,40.07,40.47,38.24,41.15,43.43,44.26,39.09,37.52,43.28,42.41,41.3,47.72,46.45,41.34,37.58,45.38,43.59,43.48,40.18,43.88,46.02,45.53,41.1,39.02,42.78,37.6,43.53,43.26,44.91,43.06,44.25,45.97,45.4,43.96,34.64,39.86,43.87,40.04,35.87,44.4,47.2,44.61,42.44,45.33,49.29,48,38.41,41.27,37.73,42.05,39.13,40.98,39.08,41.48,39.2,39.77,43.7,38.47,36.84,34.47,40.22,38.64,34.27,42.1,41.96,37.82,33.39,27.85,34.54,35.89,38.29,40.33,33.84,37.64,33.63,36.26,38.83,43.41,34.76,34.19,35.4,30.64,40.79,31.94,31.86,28.14,31.97,38.07,35.07,30.65,34.81,29.61,45.48,34.31,26.97,35.45,35.91,32.08,37.49,41.59,39.08,41.64,36.7,31.96,39.11,35.78,33.15,34.92,35.02,38.2,45.09,48.36,51.58,47.64,44.17,38.26,30.94,26.23,26.75,27.72,30.64,32.73,33.89,28.77,24.83,26.24,25.81
24.43,13.9,16.19,13.69,18.72,24.42,13.93,19.56,20.5,24.42,16.26,18.25,18.41,21.7,18.89,15.47,18.82,16.26,19.55,23.06,24.16,20.43,18.63,19.24,20.41,13.75,30.8,32.59,29.84,30.92,28.28,36.48,33.72,32.82,38.2,30.57,35.46,32.73,36.64,40.18,32.22,38.09,32.34,19.13,27.87,39.06,40.55,37.68,36.85,40.36,44.14,40.38,41.36,42.79,47.66,41.94,38.8,46.89,46.95,41.22,39.86,44.09,46.85,38.53,37.51,44.37,44.88,41.05,36.41,43.32,44.36,38.53,33.02,47.5,45.05,41.91,43.61,46.08,40.31,39.99,40.35,41.59,42.02,38.92,42.59,40.88,43.64,45.5,41.98,41.28,39.78,46.65,45.59,44.66,46.08,40.96,44.37,43.28,39.28,38.58,43.17,35.78,36.25,49.53,41.89,44.88,45.8,42.78,40.26,44.18,46.36,48.22,37.88,39.89,44.96,39.76,32.16,37.34,38.07,38.6,41.01,37.86,40.49,32.56,37.18,40.04,34.61,35.99,37.91,37.97,36.7,35.98,36.02,36.62,39.88,34.98,35.19,35.95,38.53,36.87,37.5,37.84,35.38,32.2,27.58,34.22,38.68,36.91,34.42,25.59,36.28,36.36,37.85,31.78,33.47,32.59,36.76,28.14,48.91,35.07,37.09,37.76,40.03,29.47,39.77,33.9,37.66,47.77,33.61,37.52,37.68,33.61,33.64,30.28,35.9,34.27,45.32,44.24,39.82,32.1,36.21,29.27,28.17,33.38,25.41,28.33,28.14,25.49,32.58,28.51,30.04,26.36
23.18,16.22,18.83,14.79,13.75,16.58,11.19,19.5,21.18,13.32,18.85,24.16,24.39,19.45,20.55,18.77,23.8,21.73,18.76,19.31,19.83,23.06,24.26,19.51,14.94,15.06,26.43,32.11,37.56,44.1,33.24,30.7,45.23,30.17,33.57,28.88,32.82,42.4,32,36.7,34.08,30.67,24.83,24.71,20.51,39.11,43.86,50.12,38.32,43.34,43.37,42.81,41.76,41.28,39.4,42.2,39.61,46.21,39.82,42.62,44.18,45.05,38.48,40.96,41.66,47.23,43.58,43.37,42.24,46.82,40.65,43.52,46.94,47.84,44.75,45.94,41.88,41.83,44.42,40.36,41.9,44.83,45.01,42.98,42.62,37.89,44.45,42.01,42.31,34.99,42.76,42.04,40.77,35.61,43.32,41.83,39.54,39.52,45.82,46.95,44.9,38.55,45.39,46.38,42.17,39.61,46.25,45,41.87,42.83,44.49,45.42,33.89,36.28,38.9,36.64,37.71,38.88,46.49,43.76,35.7,33.97,33.9,37.34,39.85,40.48,39.63,37.2,36.79,29.23,30.88,35.96,42.4,39.22,30.27,40.6,38.84,33.57,33.67,37.8,39.26,37.59,31.61,36,36.04,35.5,35.03,34.16,38.09,42.77,31.93,33.95,33.11,25.98,31.08,32.19,34.94,33.63,36.04,36.02,31.14,33.08,33.71,35.28,37.55,33.13,38.07,37.51,33.37,37.22,39.6,39.47,37.92,30.36,36.56,41.23,41.92,48.04,44.3,37.63,36.92,29.34,28.79,29.53,30.14,31.36,28.16,31.92,34.45,25.73,24.41,30.04
18.14,16.78,19.37,20.96,23.26,19.32,14.97,13.04,17.38,15.69,23.03,21.32,20.93,24.26,20.44,19.42,19.76,21.12,31.11,21.21,21.66,24.78,25.58,19.38,19.15,26.96,27,29.52,33.07,32.93,31.58,38.23,32,35.67,36.04,32.78,38.87,44.5,36.28,33.69,30.18,36.89,33.86,14.23,25.37,32.41,36.76,42.19,43.2,37.74,34.84,40.43,48.08,43.04,41.45,43.86,46.96,38.04,37.64,43.21,47.56,36.43,36.24,44.4,46.2,44.15,37.37,46.35,47.75,43.23,39.58,40.68,46.63,40.3,41.46,47.5,45.82,42.27,40.06,43.74,39.59,38.94,38.28,39.23,44.34,40.01,44.29,46.39,41.44,42.05,45.64,46.81,43.62,42.65,47.48,48.29,43.96,44.89,41.54,38.03,39.12,44.69,39.2,44.33,43.27,44.85,46.08,38.09,43.66,44.76,47.17,39.73,39.03,32.79,36.41,38.39,40.32,40.08,42.32,41.09,42.27,39.33,35.96,33.98,36.17,36.66,40.21,36.09,39.97,31.69,37.07,29.79,38.88,38.46,35.32,34.75,38.98,31.94,34.83,34.34,38.2,35.72,35.39,31.78,28.65,40.19,36.84,30.52,35.83,32.55,36.98,34.36,33.98,39.4,35.92,35.26,31.57,33.69,33.03,37.03,31.82,40.61,31.02,39.75,37.72,38.76,43.27,32.51,33.84,34.29,41.66,34.24,36.85,32.74,29,41.38,46.51,43.56,43.5,35.68,27.18,28.62,24.79,30.61,23.81,24.87,23.68,29.14,32.99,32.29,27.92,23.24
20,16.75,18.41,16.42,19.37,17.45,14.99,20.58,17.24,16.12,16.77,19.98,19.36,16.89,18.58,20.34,16.11,22.48,25.31,18.62,18.11,24.29,18.63,14.21,19.96,21.42,27.35,29.66,33.46,33.55,35.96,34.95,33.53,34.24,37.53,33.74,32.48,38.68,36.52,41.13,40.45,35.26,36.69,20.05,25.81,45.38,33.43,38.59,36.87,39.98,40.08,40.97,37.77,43.77,43.12,40.22,45.24,42.48,43.16,37.87,48.77,44,44.77,41.79,41.63,44.85,43.84,36,43.09,44.67,44.65,39.77,42.49,44.29,46.54,41.28,43.04,51.25,41.87,43,42.06,43.65,43.64,38.96,40.37,48.57,46.03,41.86,39.23,49.97,37.91,33.15,44.82,45.32,47.59,42.35,44.86,45.59,39.47,45.63,47.62,40.58,44.64,44.89,46.97,48,41.91,43.02,44.78,45.73,47.44,40.29,36.85,37.81,40.2,42.14,35.85,38.9,38.28,37.79,37,35.41,34.52,37.95,37.28,36.92,38.26,33.64,37.48,34.76,36.36,39.91,35.43,36.34,39.08,30.17,38.65,42.84,43.2,35.87,32.66,32.07,35.85,35.06,34.04,32.17,30.79,36.91,43.55,37.72,34.93,40.22,38.25,33.73,34.93,38.22,36.54,34.7,32.99,37.79,34.29,35.51,38.64,37.27,29.3,39.04,36.23,46.94,30.68,29.42,42.06,35.35,36.13,28.02,28.81,39.14,47.58,48.95,48.72,41.69,32.5,27.78,29.36,27.25,25.49,32,29.29,28.08,24.07,27.5,25.55,24.32
36.12,22.75,14.95,15.56,18.23,14.07,18.89,17.4,14.85,16.34,16.29,20.03,18.55,30.38,18.6,17.29,20.86,19.23,23.39,16.26,23.81,20.5,18.54,23.71,13.57,20.56,28.22,31.8,36.24,38.26,32.57,30.78,33.72,33.09,35.46,35.68,36.82,33.59,28.72,30.55,38.76,39.03,31.3,14.59,29.51,47.25,43.55,38.8,39.17,42.95,42.18,37.52,34.5,37.96,41.38,39.08,39.93,43.52,45.2,39.24,42.48,46.05,43.8,43.82,40.32,43.89,42.03,35.69,38.88,43.27,45.4,44.42,39.74,46.76,46.2,45.87,43.87,43.55,43.07,51.75,40.69,48.79,48.67,45.99,45.29,43.6,47.98,43.53,41.42,45.87,45.98,45.82,50.68,51.8,51.48,51.6,49.16,43.35,42.04,39.2,47.43,41.95,40.53,42.16,45.1,39.1,40.23,43.57,43.29,41.6,48.05,40.93,40.01,42.01,43.88,36.67,44.07,45.29,36.9,32.32,39.79,38,37.29,32.56,39.54,35.46,38.14,41.82,38.81,39.33,38.9,29.36,40.98,38.81,35.96,39.07,38.45,33.61,39.35,35.08,36.97,36.7,35.75,34.88,30.38,33.47,37.28,32.5,33.83,36.81,33.9,34.48,36.52,32.37,37.39,34.52,35.83,30.38,35.46,36.45,34.52,29.3,33.04,34.04,37.35,42.39,37.54,33.91,32.12,33.27,35.94,31.17,31.75,31.49,27.69,40.47,42.63,46.98,42.39,36.35,32.99,31.5,28.24,30.53,29.22,33.96,28.83,25.95,31.35,24.89,26.98,24.92
13.66,16.17,16.83,22.59,16.94,23.99,20.51,28.97,18.67,15.21,26.4,21.36,21.36,20.44,16.02,22.03,23.24,24.9,23.96,22.28,17.31,20.62,25.5,26.39,9.4,16.45,27.7,35.34,25.82,36.25,36.35,27.66,32.3,32.5,33.16,37.81,31.72,35.85,39.24,43.24,37.94,34.74,35.92,19.68,24.38,39.33,38.67,45.69,40.98,42.47,43.61,41.93,38.01,44.76,38.16,37.53,37.15,43.65,42.5,43.01,44.14,45.65,43.61,45.36,43.92,39.58,44.41,45.35,46.25,44.45,44.53,47.92,48.16,50.27,50.54,48.54,52.21,48.3,48.64,56.36,56.34,47.02,44.63,45.2,44.96,41.34,41.83,42.87,42.48,41.83,43.81,47.93,54.16,52.76,51.61,48.69,44.53,41.99,43.82,49.46,41.4,41.24,45.49,47.44,45.34,39.99,46.47,42.05,37.05,43.18,41.81,41.92,39.7,39.47,41.14,38.5,36.47,41.86,42.3,47.06,31.77,33.57,37.29,37.62,41.94,37.37,36.13,31.39,33.82,32.78,37.88,39.82,34.99,34.83,39.51,32.35,37.48,40.57,34.27,38.66,41.2,33.47,38.44,34.75,31.08,36.46,34.92,36.22,39.21,30.46,34.45,34.16,30.24,31.15,33.91,37.89,30.63,29.6,33.7,33.99,38.18,31.68,37.33,28.57,29.35,35.74,43.17,31.26,37.76,31.78,35.75,35.04,33.31,30.3,27.78,47.2,45.58,46.27,46.11,35.26,28.51,27.65,23.52,28.77,30.27,30.31,26.03,24.98,26.2,27.39,29.51,28.7
17.96,18.93,17.1,18.64,16.28,18.05,14.4,12.67,16.31,18.65,20.7,15.37,16.1,23.02,23.81,17.43,22.86,15.65,25.78,22.88,26.76,20.51,20.36,16.78,17.63,24.03,29.02,28.26,34.94,36.19,37.35,33.85,37.46,39.76,35.85,35.04,39.25,37.63,46.3,30.75,35.41,31.65,23.81,18.68,22.79,35.63,33.94,43.97,42.48,37.65,39.7,39.47,43.73,42.97,36.03,40.72,46.52,43.63,34,43.59,47.22,41.94,36.65,48.83,47.21,43.16,43.01,49.23,50.27,46.88,53.96,56.47,57.63,57.32,57.12,57.29,57.41,57.43,56.92,57.21,57.42,56.94,56.77,56.53,55.69,50.37,49.41,52.89,55.15,44.58,39.78,47.87,52.51,52.46,50.47,50.74,43.73,45.65,48.12,45.4,45.76,52.06,41.4,41.8,39.86,48.68,40.81,42.07,39.49,45.32,42.96,42.88,36.97,36.53,39.82,38.85,39.27,38.49,33.45,42.19,39.75,37.21,37.02,35.31,32.24,37.94,35.76,33.53,39.97,40.42,36.63,43.04,37.48,29.05,32.54,57.92,36.77,36,38.38,38.1,38.1,34.07,33.36,36.13,33.74,38.73,38.17,36.65,40.57,34.12,32.92,37.98,35.92,36.69,32.17,38.95,32.96,36.98,36.19,32.24,30.14,29.6,36.35,35.21,35.16,32.27,40.78,38.98,34.78,32.54,35.01,23.39,31.98,33.05,25.29,36,36.47,36.45,36.32,36.16,30.47,26.69,30.73,35.38,24.97,26.82,19.73,30.85,26.26,26.28,32.04,25.54
11.93,15.25,16.97,15.78,22.14,16.65,12.3,20.28,18.04,20.1,18.77,16.02,23.64,21.96,21.27,19.47,22.93,32.95,18.75,22.33,17.34,22.74,26.03,24.7,17.35,17.57,27.7,32.4,31.03,30.32,30.38,32.49,29.06,39.49,34.96,35.37,36.63,32.82,39.12,32.6,33.02,38.04,31.42,12.24,19.12,36.83,43.13,42.45,39.08,39.63,48.19,41.61,39.61,37.64,45.06,45.58,40.57,42.33,40.72,44.69,46.23,44.75,43.15,49.52,54.29,53.39,53.52,55.62,51.83,53.45,57.5,57.46,57.25,57.44,57.5,57.5,57.38,57.4,57.34,57.44,57.43,57.43,57.25,56.96,56.09,53.89,50.73,53.99,52.84,51.48,53.65,53.12,49.92,51.66,51.27,51.94,49.93,45.04,45.22,40.17,46.41,48.46,39.86,43.67,45.88,40.91,41.99,40.77,44.34,46.55,46.12,40.19,38.96,38.35,34.27,40.08,36.66,42.36,37.91,36.08,35.77,39.72,37.54,38.79,37.75,37.14,34.25,37.87,38.32,36.16,38.7,45.57,38.79,40.97,33.63,40.01,40.71,38.55,42.38,34.33,34.63,41.78,31.76,37.94,32.47,42.46,41.25,38.36,35.36,35.05,37.95,41.9,38.51,33.05,37,37.69,31.88,30.34,31.46,36.26,27.5,38.58,36.66,36.71,39.42,38.15,33.74,30.6,38.91,29.2,31.01,38.59,36.15,33.61,28.13,31.89,30.6,30.13,29.91,27.45,32.63,30.76,25.87,31.93,34.39,27.71,26.27,28.52,25.04,32.48,35.74,26.31
17.1,18.19,13.73,14.35,24.85,17.44,19.19,16.85,16.69,16.24,17.55,15.83,16.8,19.47,22.25,19.21,17.54,24.37,23.77,24.53,12.45,16.78,21.63,24.85,20.93,19.64,26,35.97,35.89,31.38,36.59,35.37,32.1,29.88,30.86,33.06,31.04,32.62,38.58,34.76,33.89,33.32,30.48,15.22,27.01,42.35,45.46,39.52,37.95,41.56,44.21,36.6,36.41,43.65,46.02,40.3,46.22,38.96,38.89,44.06,44.21,45.2,51.03,51.09,54.96,54.51,54.67,56.08,55.62,57.15,57.16,57.23,57.5,57.3,57.54,57.69,57.54,57.62,57.76,57.57,57.74,57.6,57.16,57.24,57.08,56.26,49.99,52.16,55.96,54.59,49.86,49.09,44.18,49.87,48.81,49.3,50.57,44.18,54.92,44.65,44.32,39.17,41.03,45.58,40.79,39.8,40.39,40.21,41.42,40.64,47.67,38.26,44.08,41.27,41.39,45.26,47.34,39.77,35.85,36.33,42.39,43.18,47.36,44.45,40.36,42.1,35.4,40.95,39.86,33.11,39.85,31.78,37.16,34.66,39.01,35.65,36.74,39.08,41.1,35.65,36.1,40.01,41.84,36.04,31.39,37.23,29.08,37.34,41.07,34.28,35.54,39.41,39.95,32.46,33,34.38,40.73,29.35,33.58,35.94,32.04,28.56,31.36,33,33.03,37.63,34.5,35.05,34.99,34.48,28.55,29.87,29.86,30.39,29.48,32.41,29.79,27.35,27.33,29.28,32.75,25.57,37.28,31.74,30.54,33.65,30.89,27.61,28.46,28.78,36.52,36.03
19.31,20.63,14.49,17.44,14.91,13.63,14.41,16.95,17.05,15.5,14.3,18.44,13.04,18.21,19.89,15.57,19.93,22.56,22.17,20.81,16.81,22.44,15.68,17.38,8.63,15.73,30.15,28.58,32.35,34.86,36.05,32.08,32.02,27.37,36.64,36.35,36.61,32.05,32.37,34.01,35.29,36.77,37.06,21.15,25.68,38.89,43.33,37.19,38.74,39.69,45.13,43.29,42.11,42.65,43.58,41.76,45.93,48.03,37.22,37.97,40.25,44.81,47.79,51.67,50.26,51.77,54.57,56.97,57.14,57.31,56.94,57.1,57.5,57.45,57.59,57.42,57.76,57.42,57.4,57.65,57.58,57.47,57.18,57.08,57.04,54.69,55.05,54.6,53.52,49.24,48.46,50.95,50.56,48.31,51.55,44.82,42.83,45.17,41.93,46.93,50.57,37.96,45.32,44.37,44.19,35.61,45.72,43.87,43.34,39.66,42.95,41.83,37.67,41.52,38.07,42.73,40.67,33.03,37,36.36,37.83,35.28,37.01,42.19,39.73,38.6,39,41.96,37.18,42.83,42.53,38.89,36.97,35.5,34.67,38.31,35.81,31.03,35.51,34.6,42.67,43.52,30.35,38.84,38.06,37.41,33.49,35.97,29.49,32,34.01,40.24,31.69,27.17,33.72,28.83,38.26,32.37,33.59,32.13,36.76,35.33,31.93,27.28,33.63,34.17,31.75,35.87,33.57,34.89,36.44,32.31,30,30.03,34.32,31.25,27.92,29.68,33.47,35.1,27.92,36.31,28.14,32.32,31.36,28.91,24.14,25.33,30.59,27.39,29.43,26.05
15.1,11.26,13.75,9.99,16.78,11.3,24.19,16.99,11.92,13.88,12.52,15.89,14.98,15.08,17.4,15.32,14.8,15.49,16.14,14.76,17.79,14.76,13.52,15.56,13.03,17,24.81,32.54,34.43,36.6,32.61,33.52,35.34,29.69,33.77,35.67,33.3,33.48,37.27,34.58,30.88,27.81,30.76,21.97,28.21,31.11,34.98,39.03,53.19,34.55,38.75,43.4,45.41,43.21,39.59,38.51,42.03,41.57,40.04,45.77,42.88,45.81,46.29,46.61,49.76,50.63,55.12,55.51,57.19,57.02,56.86,57.15,57.32,57.19,57.55,57.45,57.44,57.51,57.31,57.31,57.57,57.2,57.1,57.04,55.71,51.47,52.23,46.95,50.29,50.49,49.09,47.62,45.22,48.1,48.38,42.81,45.23,42.34,45.53,42.75,41.89,45.63,40.24,39.66,43.97,44.13,40.49,40.62,44.51,43.92,46.05,43.95,32.19,42.32,41.78,39.87,35.92,41.63,32.02,38.05,35.93,35.15,37.2,40.46,43.05,41.06,45.52,43.27,40.76,42.55,38.21,37.84,31.48,40.18,39.77,45.41,36.63,37.41,34.78,38.4,38.94,38.66,37.93,37.96,39.24,37.97,31.86,38.49,36.14,37.32,36.17,32.97,36.75,38.24,33.44,27.61,38.66,40.12,38.1,35.24,35.6,33.87,34.65,31.31,28.5,33.22,37.18,30.95,37.02,32.62,28.5,22.16,27.9,31.76,27.83,30.61,27.34,33.11,24.67,25.17,47.68,27.77,32.13,29.11,30.48,31.25,25.62,22.42,28.24,26.97,26.4,29.42
19.63,26.17,25.97,22.2,18.88,13.88,20.09,22.1,20.28,23.19,20.2,22.74,18.31,16.58,16.52,23.97,19.57,19.44,28.18,20.2,15.77,23.35,27.66,18.68,14.8,22.04,25.13,31.11,35.12,44.04,30.74,47.67,35.74,33.5,35.56,32.67,32.62,36.8,35.33,36.28,36.5,34.05,29.47,21.59,25.81,39.42,40.28,42.95,42.73,41.96,38.43,39.07,46.45,43.07,46.46,40.31,40.95,42.83,42.57,47.62,39.97,45.93,46.22,48.02,47.83,48.56,50.13,53.25,55.01,54.44,54.55,55.89,56.55,57.17,56.83,56.98,57.39,57.35,56.51,56.55,56.4,56.39,53.29,52.43,52.44,52.76,50.91,50.63,45.17,47.15,48.04,48.25,43.04,48.24,48.11,48.07,46.82,44.31,42.21,38.73,39.07,44.5,41.39,39.85,44.77,45.95,40.89,47.11,47.03,43.8,45.75,41.53,40.3,42.66,41.83,41.64,37.58,35.55,32.6,40.43,39.97,37.15,36.65,39.72,40.81,38.05,40.91,36.91,35.16,31.5,35.96,36.78,38.97,34.52,31.36,38.36,41.92,40.72,39.5,37.18,37.39,39.5,35.52,34.1,32.26,30.33,31.78,36.41,38.64,35.96,39,33.65,33.62,35.44,39.15,35.39,37.2,34.86,35.47,35.52,38.03,29.62,33.7,29.84,27.09,34.14,31.04,36.53,33.62,30.78,22.19,32.64,28.28,31.78,28.8,30.49,31.44,34.52,31.06,28.45,31.69,27.37,24.94,32.58,29.76,31.18,28.83,31.98,30.5,26.22,21.27,29.24
28.31,22.9,32.87,25.74,22.06,26.74,30.36,29.55,28.11,25.34,32.49,29.93,27.57,27.69,31.68,23.99,23.39,20.11,33.94,27.89,30.43,26.79,27.74,31.41,26.94,33.9,38.46,35.31,36.71,39.51,33.72,33.01,34.24,36.08,43.47,36.86,46.81,28.5,33.97,34.75,38.15,34.59,31.42,21.17,16.33,40.33,45.71,42.38,37.28,38.12,48.14,36.7,37.31,42.32,45.8,42.62,35.55,40.77,44.18,38.1,38.61,50.66,48.32,44.02,46.43,52,46.88,45.78,45.8,51.64,51.33,49.67,49.8,50.43,49.67,49.09,49.93,56.44,53.38,50.41,47.81,46.81,50.34,42.92,41.83,46.36,40.5,46.16,46.18,45.31,43.71,46.72,49.36,44.17,49.65,50.05,43.99,37.75,45.84,41.04,48.58,41.18,44.96,44.27,45.83,43.08,44.23,42.39,40.09,41.35,42,42.46,39.21,40.08,37.58,41.1,39.83,38.99,33.29,39.27,38.9,41.39,33.34,36.32,36.14,40.49,40.45,33.33,34.53,40.21,38.13,43.01,31.7,36.21,32.71,35.85,36.24,41.6,39.07,38.79,35.38,34.87,39.96,38.1,37.47,37.88,43.71,40.3,38.63,37.8,34.32,37.04,34.14,39.44,35.91,33.14,29.5,36.2,33.98,33.68,35.69,36.14,37.22,37.75,29.86,33.4,30.11,35.11,31.2,34.9,29.16,35.45,29.28,32.34,35.06,37.37,29.37,32.42,35.28,26.06,29.35,26.81,31.23,33.02,27.55,25.17,21.64,29.38,27.38,31.79,21.71,30.47
24.88,25.18,27.27,29.16,25.81,33.84,24.2,26.66,36.24,28.67,28.58,33.67,28.35,25.22,29.02,29.6,27.83,32.5,30.87,41.27,28.58,33.55,32.2,33.05,32.16,37.2,32.86,32.93,35.85,33.59,34.71,36.59,30.29,32.17,39.57,33.47,35.27,33.94,37.32,38.19,28.27,37.22,36.49,23.73,23.23,35.69,42.71,40.61,41.31,39.7,44.59,38.13,37.44,39.95,44.76,40.12,39.56,41.65,41.17,43.54,46.75,48.5,50.77,51.09,49.6,49.1,40.62,44.69,41.75,40.55,42.88,40.67,47.87,40.94,45.41,49.43,47.83,47.27,41.78,47.89,47.8,40.58,49.78,47.65,47.52,39.81,40.25,45.31,40.49,35.49,42.25,47.62,50.34,49.26,45.93,45.29,41.82,42.05,45.81,48.91,42.57,41.97,44.77,44.31,42.73,42.28,43.95,46.89,46.46,44.57,47.38,44.77,44.25,43.31,45.32,45.08,43.42,38.59,37.06,41.42,42.04,36.76,32.56,34.01,36.7,38.6,39.06,39.51,32.79,41.52,41.69,38.8,40.99,36.04,42.34,37.93,28.41,33.75,34.2,34.58,34.05,38.1,37.22,36.88,34.6,34.74,33.7,34.31,33.64,35.12,30.82,42.27,34.17,30.86,42.72,32.76,32.83,27.16,35.69,35.26,28.06,39.21,44.98,34.15,38.2,29.94,32.94,32.91,31,29.73,24.99,25.34,35.69,34.91,34.28,27.58,34.65,28.66,30.4,25.93,30.8,32.55,32.01,32.89,25.91,30.2,22.62,26.11,27.59,25.03,32.38,27.38
33.44,32.52,32.25,33.27,26.71,28.4,22.69,28.81,26.57,32.35,36.56,29.64,43.04,26.53,33,31.28,28.92,26.36,33.81,29.66,35.65,32.71,33.39,36.65,32.14,33.32,31.71,28.89,29.47,33.28,38.83,32.62,32.64,42.78,39.26,33.83,41.76,32.92,30.14,37.85,37.67,28.53,35.16,24.36,16.95,31.08,34.66,43.82,47.73,44.83,32.6,42.16,43.51,42.92,33.65,37.67,44.09,44.6,34.14,40.11,46.34,45.66,44.93,46.83,46.46,50.22,41.67,47.91,46.84,42.2,38.03,45.72,46.84,42.62,51.19,44.73,43.88,41.24,40.69,42.62,45.72,43.55,42.06,43.29,43.37,45.03,45.99,49.38,35.09,44.26,43.44,49.07,49.83,49.81,44.03,45.51,41.95,47.52,50.8,43.44,47.06,45.66,47.5,38.65,45.79,46.07,41.82,40.72,47.8,44.89,44.38,43.73,36.04,43.33,45.37,40.83,38.6,39.93,42.89,40.64,39.48,39.52,33.23,36.55,39,42.18,37.72,40.75,42.8,35.7,39.87,36.45,42.49,40.41,35.46,33.88,42.64,39.6,37.57,33.2,33.31,32.05,37.33,34.06,34.46,39.32,36.5,35.51,31.51,32.3,29.93,28.48,40.91,37.49,27.12,30.46,34.81,32.77,31.46,35.37,28.95,34.2,26.69,30.56,31.63,37.23,37.93,37,33.53,34.32,29,25.86,33.21,28.2,31.34,29.02,28.34,21.83,30.7,29.92,35.34,29.48,28.56,33.21,27.22,28.69,28.01,22.77,25.41,29.31,28.48,26.06
24.54,30.33,35.94,27.23,26.58,26.67,28.85,30.96,27.08,36.9,32.23,27.87,31.35,32.39,19.53,28.94,29.8,37.13,29.71,30.91,37.99,38.17,34.58,35.92,36.91,27.45,32.92,31.58,32.68,30.16,38.98,37.59,33.86,36.56,35.52,37.28,34.72,35,37.23,37.76,32.13,35.75,30.69,29.51,20.4,37.58,38.85,38.12,43.16,39.68,40.27,40.77,44.72,50.86,43.08,39.72,39.4,40.17,44.81,35.66,42.05,41.58,43.54,43.51,48.06,47.63,40.92,45.4,36.53,45.9,47.49,47.2,38.92,40.56,43.57,44.35,39.5,41.23,47.94,47.33,39.49,47.33,47.36,42.98,43.26,44.25,45.02,46.37,45.28,45.7,48.13,36.72,46.91,51.04,46.1,44.43,45.82,43.82,48.6,43.76,43.52,48.67,47.3,42.42,43.4,45,47.42,41.63,44.49,50.05,50.8,44.06,36.82,39.36,42.36,39.84,43.33,45.06,38.81,36.98,35.73,36.32,41.11,40.42,43.06,39.35,38.45,40.66,35.19,44.03,35.15,36.32,37.62,35.68,40.15,43.38,37.79,37.59,35.75,34.18,40.71,39.4,35.95,29.63,33.27,39.26,33.28,32.9,40.55,33.72,34.13,36.53,36.14,32.54,28.66,33.63,34.89,37.54,34.76,38.46,37.28,33.39,32.85,30.99,29.67,31.79,41.09,31.66,36.91,32.71,29.23,29.78,30.43,29.29,30.13,35.73,28.15,28.19,40.26,23,26.19,33.06,28.58,25.99,27.05,29.57,29.69,32.29,25.04,25.76,26.63,32.32
34.72,33.9,23.76,28.68,37.5,32.6,30.79,28.32,30.5,30.47,27.49,30.96,33.02,28,35.72,35.92,33.76,29.72,30.87,33.45,33.55,29.81,32.25,34.08,34.15,40.32,32.18,32.7,40.89,36.02,36.53,27.67,31.8,38.25,32.72,35.08,32.55,40.48,32.6,35.72,32.95,34.62,31.26,21.68,18.34,34.06,47.13,37.11,37.07,37.98,47.24,44.37,37.09,46.36,52.2,42.88,35.69,45.18,47.82,40.4,37.36,35.13,40.5,45.9,41.39,47.79,48.76,44.26,35.46,44.54,46.25,54.27,42.39,44.53,47.46,43.16,46.1,40.15,47.39,40.33,44.15,44.4,44.67,40.65,46.12,49.08,43.31,41.59,47.2,44,43.4,45.57,48.84,46.89,48.02,49.19,45.61,44.88,46.49,47.51,40.9,40.62,43.93,44.15,47.01,40.59,49.01,45.58,42.92,42.99,41.98,47.27,37.85,36.83,42.1,40.11,36.76,36.98,34.97,37.85,36.42,42.27,35.88,33.55,40.11,33.32,43.88,39.45,33.83,35.31,41.75,41.91,35.91,43.77,39.5,35.75,36.6,40.24,30.97,35.93,33.27,37.05,36.16,31.8,37.78,38.81,34.57,33.45,37.8,35.03,33.19,32.73,35.04,39.99,34.17,37.97,30.25,34.12,27.11,33.14,40.79,36.13,36.48,32.6,32.24,26.75,34.96,38.59,30.33,35.58,29.68,34.07,31.09,39.92,37.3,28.45,31.83,31.67,32.14,28.55,24.78,32.72,28.58,31.99,27.32,29.2,25.37,25.1,29.03,26.71,25.93,28.48
30.47,29.34,30.95,27.12,32.93,30.57,30.48,24.81,30.41,29.76,23.35,29.78,33.03,38.81,29.15,35.74,28.96,37.12,34.1,35.48,38.99,32.34,31.54,29.6,33.17,35.73,38.78,33.83,35.93,39.25,43.21,35.13,32.8,39.6,34.6,33.84,33.81,29.17,31.4,37.75,43.15,35.13,28.61,20.21,20.37,41.24,37,41.62,43.61,38.24,44.18,44.04,43.48,38.82,39.4,38.13,39.4,37.48,38.34,47.17,44.35,42.3,46.48,46.54,38.19,34.56,40.69,44.34,49.11,40.99,41.64,43.47,41.62,42.92,42.68,48.29,43.94,42.97,41.76,48.77,48.41,41.98,44.83,45.21,43.24,46,41.96,43.74,44.3,42.76,41.16,43.89,48.64,43.87,35.86,42.56,38.55,42.49,38.81,46.65,43.54,38.99,46.99,43.4,44.04,44.01,46.39,46.17,42.01,42.42,40.66,45.68,33.91,38.51,38.14,42.18,45.08,44.97,36.46,37.84,33.25,40.27,34.07,39.68,39.39,45.35,36.42,41.57,34.97,39.61,40,35.12,38.11,37.21,40.27,30.72,41,32.03,37.77,34,36.9,36.74,28.98,33.4,34.35,29.64,36.15,36.05,39.02,37.21,39.79,37.12,36.55,33.44,33.05,32.98,34.71,32.75,29.02,28.34,32.31,43.12,29.18,34.94,38.52,34.12,31.19,32.1,31.01,31.01,33.12,31.94,37.18,36.04,33.71,24.15,27.22,28.56,29.23,31.66,25.29,32.36,36.27,27.41,25.76,24.25,31.55,27.56,26.59,27.1,27.39,26.6
31.11,31,33.88,26.36,29.68,30.1,34.84,33.52,31.18,32.81,29.41,33.4,39.3,37.49,31.32,34.84,36.56,36.92,31.94,40,35.77,35.03,37.22,41.3,36.27,34.33,25.88,35.23,34.53,41.32,35.37,35.62,34.56,35.68,41.83,34.66,34.36,35.11,31.55,40.04,38.68,37.97,38.15,20.9,24.81,29.45,33.03,42.94,47.5,43.19,42.08,40.97,40.72,41.49,38.4,44.91,46.48,42.42,35.53,42.2,44.23,41.35,38.38,38.55,39.55,42.25,38.37,44,39.43,42.22,37.43,37.82,44.16,47.3,37.09,39.94,46.92,42.5,44.89,41.04,42.45,41.32,45.57,44.61,47.99,43.6,43.04,40.12,43.51,45.18,42.85,46.64,41.1,43.99,45.6,42.23,43.98,47.35,46,40.83,42.62,43.26,40.82,45.5,42.68,47.43,44.93,43.86,43.51,50.06,52.05,44.5,35.82,41.21,36.36,40.23,37.53,40.95,43.98,36.26,32.88,35.72,36.36,40.65,48.97,35.77,38.22,38.9,36.46,37.63,39.62,38.87,39.25,33.3,33.51,32.75,37.61,37.69,39.29,38.01,38,36.21,27.89,32.23,35.9,43.19,36.19,41.32,39.68,33.75,34.15,33.36,28.84,38.12,31.04,33.04,33.58,36.14,33.09,32.36,33.06,32.17,34.33,30.7,38.71,33.5,35.83,34.2,31.36,30.47,31.06,32.97,34.8,30.56,32.95,27.64,27.55,30.57,34.75,37.01,31.32,26.94,29.39,31.31,28.14,31.1,29.14,28.11,28.46,28.75,34.46,28.22
32.41,29.6,26.59,34.75,35.26,31.81,31.13,36.39,34.86,40,31.56,33.46,37.16,30.35,38.27,35.11,32.62,32.86,31.51,34.72,34.38,30.97,33.07,33.4,44.86,39.38,33.42,34.6,36.43,30.3,36,38.17,36.6,32.71,39.97,38.44,34.58,34.04,35.01,33.49,32.85,31.17,34.89,21.71,19.72,36.3,41.78,44.63,40.28,35.51,39.43,40.33,46.18,43.02,46.1,44.96,41.21,46.78,44.57,37.93,37.55,40.91,36.79,41.7,40.07,42.52,43.42,42.28,45.09,44.03,45.18,42.95,35.6,42.85,45.5,39.36,41.56,44.05,45.09,44.19,40.35,44.9,47.08,44.01,39.06,49.28,42.31,45.99,40.88,46.97,42.34,43.89,37.42,42.24,42.33,41.86,37.84,45.09,44.53,42.84,42.44,47.65,45.35,43.38,46.27,45.33,42.09,43.55,48.33,49.28,47.21,49.1,36.06,39.33,36.42,39.8,40.75,44.97,37.18,42,41.87,38.75,35.45,41.77,43.19,36.84,35.57,34.73,35.17,42.8,32.09,34.18,37.93,38.29,31.71,33.54,33.95,35.25,31.42,36.73,30.21,33.64,35.31,31.56,33.89,33.23,35.35,29.84,28.37,36.04,32.76,35.31,38.51,32.41,34,36.01,32.93,31.74,38.06,38.63,33.15,34.86,40.59,30.9,31.94,31.46,31.51,27.17,26.92,30.96,32.01,25.6,32.26,34.27,29.07,23.62,28.04,25.96,29.24,29.18,33.95,31.75,30.39,28.43,33.23,24.05,27.58,29.46,28.73,24.7,28.89,25.42
27.21,33.01,33.3,30.52,33.73,34.07,38.01,30.4,31.74,35.02,41.51,39.01,32.09,35.78,38.76,32.01,36.76,34.65,38.98,32.97,35.22,34.44,34.44,36.06,33.59,31.76,35.63,37.2,37.68,38.42,40.25,40.2,32.93,38.99,38.74,33.93,35.06,35.67,36.92,40.95,43.38,38.6,40.94,21.12,18.98,38.5,49.98,46.4,37.84,40.6,46.44,40.67,33.65,37.89,43.72,45.11,34.6,40.34,42.18,43.57,40.63,39.19,50.07,37.07,39.86,46.24,46.11,43.93,39.26,45.71,45.52,40.5,40.5,43.2,47.85,45.41,41.78,43.23,45.22,41.08,47.07,46.76,40.48,42.18,41.69,44.05,40.79,42.44,45.78,55.46,40.58,48.41,41.39,42.77,39.02,36.64,33.82,40.38,47.15,45.74,48.83,40.42,41.24,47.61,42.4,54.92,49.29,45.31,43.26,39.08,45.21,45.15,45.73,41.33,41.54,41.39,39.6,34.9,49.76,40.56,40.08,41.39,41.24,41.88,50.35,39.9,35.17,35.95,33.95,32.74,35.96,35.72,42.1,39.87,33.77,39.87,39.52,37.86,39.3,31.31,33.24,32.29,40.61,37.05,37.62,35.39,39.96,28.93,31.6,35.88,34.61,35.05,40.12,36.86,29.22,35.45,37.65,33.43,32.92,24.58,32.61,31.68,36.18,30.43,35.26,32.52,33.57,31.96,35.99,30.56,37.86,31.05,36.8,37.54,25.88,26.75,31,29.3,32.94,26.71,29.08,23.75,31.28,32.61,28.8,27.52,29.74,29.53,25.04,25.41,25.93,25.28
31.5,33.67,35.07,30.26,28.71,31.47,27.91,28.6,37.86,27.72,37.39,36.92,40.29,35.65,34.95,33.58,35.68,32.04,33.5,35.93,32.29,37.67,32.62,34.31,35.39,37.72,37.1,46.23,36.38,40.97,27.45,43.21,36.06,35.85,34.55,37.09,36.77,38.5,34.81,38.28,35.75,40.93,37.51,24.8,21.95,34.9,44.8,42.29,40.79,45.96,42.92,43.85,43.94,45.68,37.73,43.66,44.09,41.45,39.23,43.38,38.22,32.06,38.09,39.91,45.53,35.85,36.92,43.9,45.68,38.68,34.91,44.85,44.82,41.19,40.58,45.54,52.7,44.96,48.59,46.7,49.41,48.42,45.59,48.56,49,50.3,45.34,48.43,42.26,46.11,39.01,45.21,46.22,43.71,37.22,37.86,38.69,40.83,40.37,48.1,44.29,40.38,43.82,47.65,44.73,44.27,44.55,46.14,43.39,45.2,45.68,46.38,36.4,31.62,40.04,43.05,40.44,39.7,34.39,41.34,37.68,34.17,36.78,37.04,40.11,33.31,39.31,40.77,37.64,39.16,35.1,38.46,39.76,42.27,38.8,32.88,38.92,30.79,37.08,37.99,34.54,31.48,40.42,35.86,39.34,36.96,38.42,32.68,34.25,31.61,32.95,29.05,35.31,31.45,30.9,37.94,34.07,39.15,31.58,28.56,39.04,30.27,37.72,34.88,37.39,34.74,33.27,31.86,38.02,29.69,33.78,29.15,29.78,34.51,29.95,25.21,34.02,27.09,28.29,31.19,35.53,29.17,28.88,27.39,26.46,30.48,27.48,27.29,29.14,30.64,29.47,21.8
31.14,39.53,41.5,31.77,36.1,34.41,32.98,36.03,37.17,38.57,41.78,33.94,36.48,40.38,34.69,36.46,42.43,37.31,32.78,37.18,32.34,35.6,35.88,37.91,35.12,42.61,45.36,39.31,40.01,37.88,38.41,37.31,41.92,44.01,39.63,42.83,37.75,39.04,41.15,34.47,38.38,42.72,39.67,24.15,17.66,33.39,38.51,40.08,49.06,45.74,42.06,40.03,46.22,44.54,40.11,44.16,47,44.61,33.81,43.42,42.75,42.61,39.62,40.72,38.26,38.82,38.29,44.31,50.37,39.33,40.94,47.23,50.96,42.3,47.2,52.59,52.53,50.94,51.45,55.28,54.15,54.24,52.97,53.46,53.14,50.52,51.24,50.62,45.05,44.01,46.68,42.2,39.63,50.91,39.37,44.31,40.33,44.72,44.58,40.66,39.75,44.21,49.47,39.93,42.43,45.65,42.9,38.02,41.21,52.38,50.49,48.81,39.43,40.24,41.07,41.95,40.34,43.1,42.88,37.61,33.08,36.78,42.56,35.04,32.14,37.66,32.18,39.2,35.18,36.54,36.92,38.27,43.08,32.06,35.04,44.24,36.84,40.23,38.63,32.37,42.13,33.81,37.65,39.47,37.3,34,29.36,35.46,31.91,35.32,33.21,31.35,27.71,32.45,27.13,40.68,32.69,35.41,34.69,33.95,28.51,30.12,27.31,31.03,36.28,31.15,30.26,37.34,32.91,31.83,31.74,30.61,35.16,31.93,27.72,35.49,38.35,23.84,35.56,32.41,29.69,28.66,32.82,28.56,33.05,27.16,20.29,25.91,27.26,31.45,28.12,31.11
30.93,42.13,28.42,36.59,39.16,34.85,32.93,36.75,37.58,37.91,37.91,39.2,34.96,34.07,36.42,36.31,41.27,35.13,30.92,36.46,34.86,40.92,38.74,36.89,37.06,44.81,41.01,36.47,34.66,37.26,39.61,47.98,40.35,42.01,41.5,31.58,40.41,39.96,43.17,39.38,39.82,42.04,37.09,23.2,20.86,35.05,46.58,45.08,42.8,43.44,50.08,41.04,39.9,43.42,48.3,45.34,43.95,48.97,51.41,42.86,37.58,33.81,38.09,37.82,29.93,40.6,42.22,44.6,44.85,42.99,42.7,50.52,44.48,47.17,48.67,50.21,52.7,55.36,55.59,55.98,55.78,54.34,52.98,52.53,53.13,50.79,51.73,52.38,47.68,48.86,43.87,40.29,44.41,41.49,42.05,37.51,44.37,46.93,49.81,45.75,45.66,43.71,46.23,43.58,45.85,47.32,41.77,38.55,44.78,48.09,48.62,50.51,34.35,35.81,41.79,41.83,43.58,46.11,39.94,46.57,42.08,38.04,34.88,42.13,38.88,41.55,37.68,40.66,38.94,43.28,38.75,39.14,40.89,41.83,36.55,36.53,28.68,42.12,39.68,43.13,33.93,31.15,37.14,33.38,38.3,36.92,37.63,32.74,35.44,34.72,38.52,34.77,33.66,30.17,38.03,30.04,38.69,31.5,31.41,33.98,36.74,33.54,36.49,32.33,35.2,31.15,30.39,29.54,33.38,36.39,33.48,27.52,34.74,29.06,39.25,29.57,31.67,25.48,31.62,29.11,26.94,31.86,29.92,28.64,35.62,27.97,21.06,25.02,24.13,22.46,31.19,25.53
30.61,42.86,33.48,43.2,41.47,35.37,40.67,35.71,40.29,43.51,40.63,35.48,32.2,38.22,34.08,37.92,37.05,42.68,38.08,40.49,38.15,43.53,41.1,34.78,36.04,39.49,40.73,36.64,37.13,37.73,38.27,40.17,40.17,39.21,41.78,46.69,44.23,39.01,37.97,45.78,44.51,45.93,41.83,26.01,22.37,42.05,45.75,47.77,42.37,46.49,49.13,46.66,44.27,45.38,48.04,47.09,37.4,42.14,43.26,48.07,44.49,34.65,37.5,36.4,40.15,39.89,41.76,47.16,37.56,41.39,42.63,50.43,48.64,48.44,49.85,51.66,53.49,54.83,55.28,56.04,56.64,52.61,52.34,54.56,54.12,54.1,49.24,46.66,44.42,49.22,40.04,45.58,44.41,41.02,26.82,27.97,34.15,39.25,38.15,50.38,48.98,46.53,45.3,47.5,47.26,42.05,41.66,46.97,42.63,46.54,45.81,41.58,36.32,46.78,40.97,37.22,40.33,36.86,37.27,40.63,33.84,41.23,33.17,38.95,36.01,36.65,43.04,36.63,35.76,40.11,37.61,38.02,34.74,33.45,37.07,35.38,35.61,43.07,44.07,41.05,37.2,33.82,39.55,40,32.86,38.31,37.41,35.2,30.62,38.08,35.68,30.86,30.23,32.41,34.39,40.94,27.76,39.07,31.18,31.4,33.47,32.13,31.09,35.33,30.66,35.23,28.58,34.5,32.03,34.05,28.41,32.27,28.17,34.15,28.86,29.62,34.39,30.07,27.91,32.54,31.16,29.1,27.91,31.74,34.49,31.91,26.47,33.84,27.81,31.8,27.66,24.68
35.54,35.27,40.93,31.86,33.41,36.32,30.48,39.89,38.75,40.86,44.73,34.88,35.15,36.37,35.71,39.86,31.67,32.83,40.41,40.93,38.29,42.4,38.47,40.03,40.88,40.4,32.91,42.76,34.21,44.12,44.15,40.45,37.6,40.9,41.63,45.84,45.37,46.9,43.47,39.96,42.58,43.3,42.98,26.87,23.27,36.65,43.69,44.47,43.25,46.17,47.51,51.18,46.22,42.72,42.22,44.14,45.85,43.97,44.37,44.97,42.46,44.9,34.68,39.48,38.83,40.1,41.04,42.13,38.74,44.71,46.15,41.71,49.51,50.09,51.94,52.95,56.31,55.67,51.47,54.85,55.74,54.7,55.85,55.88,52.46,48.92,51.17,46.18,47.56,48.85,46.99,45.05,40.34,37.14,22.82,20.8,23.5,28.83,38.69,44.16,45.68,44.87,45.96,45.88,49.87,45.25,44.42,46.95,46.33,47.52,48.01,45.2,42.88,41.19,45.48,44.74,39.57,43.94,36.24,44.65,37.59,38.92,41.13,40.58,40,39.42,38.8,36.6,40.09,32.61,41.8,45.65,38.62,35.25,39.37,37.85,40.94,42.67,41.74,41.43,33.25,41.83,30.08,35.75,32.41,37.39,38.6,33.96,39.78,39.39,39.72,36.49,36.71,36.03,27.11,32.81,32.73,34.56,32.47,37.12,30.85,29.16,31.61,33.55,37.33,33.69,32.89,35.66,30.55,30.07,30.94,37.49,28.35,28.19,24.71,27.8,27.92,27.04,26.8,31.75,36.96,23.52,27.85,28.31,27.69,27.78,29.05,24.41,26.16,28.02,25.39,28.84
