35.698039,38.709804,40.898039,42.443137,42.486275,45.12549,46.682353,48.764706,53.956863,55.160784,57.054902,55.215686,57.890196,57.611765,58.145098,58.623529,59.270588,60.498039,62.662745,60.517647,60.019608,60.996078,61.72549,62.039216,64.517647,64.792157,65.843137,66.341176,68.454902,68.968627,68.615686,67.792157,67.560784,67.301961,68.466667,69.219608,69.635294,69.729412,69.709804,69.094118,69.160784,69.843137,70.101961,70.039216,70.313725,70.066667,70.560784,70.898039,71.521569,71.627451,71.545098,71.301961,71.160784,71.145098,71.396078,71.784314,71.678431,71.74902,71.678431,71.819608,71.760784,71.756863,71.843137,71.905882,71.917647,71.882353,71.94902,71.94902,71.976471,71.972549,71.996078,71.976471,71.996078,71.996078,71.988235,71.988235,71.996078,71.988235,71.988235,71.980392,71.996078,71.996078,71.996078,71.980392,71.984314,71.992157,72,72,71.996078,71.996078,72,71.996078,71.992157,71.996078,71.968627,71.992157,71.976471,71.984314,71.980392,71.945098,71.964706,71.988235,71.996078,71.968627,71.980392,71.996078,71.980392,71.976471,71.941176,71.909804,71.952941,71.960784,71.945098,71.964706,71.952941,71.980392,71.976471,71.937255,71.968627,71.980392,71.972549,71.984314,71.960784,71.988235,72,71.996078,71.988235,71.992157,71.988235,71.760784,71.686275,71.984314,71.976471,71.92549,71.87451,71.933333,71.862745,71.85098,71.905882,71.956863,71.968627,71.992157,72,71.984314,71.996078,71.992157,71.988235,71.980392,71.984314,71.952941,71.992157,71.952941,71.945098,71.964706,71.968627,72,71.968627,71.992157,71.945098,71.964706,71.909804,71.796078,71.666667,71.709804,71.427451,71.537255,71.360784,71.254902,71.32549,70.698039,70.576471,69.768627,69.654902,69.321569,69.541176,69.560784,70.65098,70.756863,69.960784,69.682353,67.145098,68.639216,68.486275,68.062745,68.254902,68.662745,67.47451,66.690196,66.784314,63.341176,66.654902,65.886275
37.090196,39.513725,38.729412,40.709804,44.482353,45.635294,49.52549,53.886275,54.415686,55.117647,56.623529,56.431373,56.772549,58.086275,59.180392,58.329412,60.862745,61.172549,59.792157,59.831373,60.223529,61.329412,63.313725,63.45098,65.2,65.270588,66.678431,66.32549,69.043137,68.721569,67.803922,68.654902,66.721569,67.392157,67.294118,69.015686,69.380392,69.211765,69.164706,69.294118,69.560784,70.196078,70.752941,70.196078,69.6,69.341176,70.211765,71.066667,71.513725,71.537255,71.423529,71.231373,71.25098,71.121569,71.294118,71.603922,71.705882,71.627451,71.796078,71.784314,71.65098,71.607843,71.8,71.678431,71.768627,71.898039,71.898039,71.913725,71.964706,71.952941,71.94902,72,71.992157,71.988235,71.980392,71.992157,71.984314,71.980392,71.984314,71.980392,71.996078,71.988235,71.992157,71.992157,71.980392,71.988235,72,72,72,71.996078,71.980392,72,71.996078,72,71.996078,71.996078,71.988235,71.992157,71.968627,71.929412,71.92549,71.988235,71.960784,71.956863,71.937255,71.992157,71.992157,71.976471,71.890196,71.905882,71.956863,71.945098,71.898039,71.972549,71.992157,71.960784,71.92549,72,71.960784,71.976471,71.972549,71.992157,71.980392,71.984314,71.992157,71.988235,71.980392,71.976471,71.968627,71.988235,71.984314,71.976471,71.980392,71.941176,71.894118,71.886275,71.760784,71.8,71.917647,71.909804,71.917647,71.992157,71.992157,71.964706,71.988235,71.992157,71.992157,72,71.988235,71.968627,71.976471,71.976471,71.952941,71.964706,71.960784,71.996078,71.988235,71.984314,71.945098,71.952941,71.815686,71.890196,71.752941,71.733333,71.717647,71.580392,71.556863,71.109804,70.933333,70.615686,70.443137,70.098039,69.968627,69.447059,69.729412,69.603922,70.113725,69.807843,68.854902,68.964706,69.101961,68.235294,67.956863,67.839216,68.262745,68.058824,68.188235,67.658824,67.427451,64.94902,65.501961,66.639216
37.32549,40.45098,42.517647,41.341176,45.160784,48.301961,51.603922,53.262745,57.380392,56.541176,56.376471,59.364706,58.6,60.388235,61.745098,59.34902,61.129412,60.301961,61.321569,63.666667,61.843137,62.380392,63.823529,63.227451,63.65098,64.4,66.737255,66.556863,68.066667,67.058824,67.729412,68.815686,68.870588,69.396078,68.647059,68.72549,69.023529,70.356863,68.756863,69.333333,69.443137,69.619608,70.286275,70.294118,69.898039,69.984314,70.203922,70.996078,71.666667,71.74902,71.537255,71.329412,71.615686,71.231373,71.364706,71.568627,71.729412,71.796078,71.894118,71.74902,71.6,71.811765,71.647059,71.443137,71.501961,71.764706,71.858824,71.772549,71.945098,71.886275,71.807843,71.972549,71.976471,71.964706,71.964706,71.984314,71.992157,71.964706,71.984314,71.984314,71.996078,72,72,71.992157,71.992157,71.996078,71.992157,72,72,71.996078,71.992157,71.984314,71.984314,71.996078,71.996078,72,71.992157,71.976471,71.917647,71.980392,71.968627,71.988235,71.988235,71.988235,71.976471,71.945098,71.913725,71.894118,71.858824,71.894118,71.960784,71.937255,71.886275,71.964706,71.976471,71.972549,71.945098,71.933333,71.980392,71.952941,71.929412,72,71.945098,71.976471,71.984314,71.996078,71.980392,71.992157,71.988235,71.996078,72,71.996078,71.996078,71.917647,71.945098,71.984314,71.956863,71.984314,71.937255,71.960784,71.964706,71.972549,71.929412,71.984314,71.980392,71.996078,71.980392,71.988235,71.968627,71.905882,71.976471,71.980392,71.976471,71.976471,71.968627,71.996078,71.996078,71.968627,71.956863,71.933333,71.901961,71.886275,71.760784,71.588235,71.792157,71.607843,71.376471,71.109804,70.529412,69.843137,70.686275,69.34902,70.517647,69.792157,68.768627,69.054902,68.831373,69.509804,69.964706,69.705882,69.309804,68.996078,67.654902,67.470588,67.94902,67.952941,68.435294,66.854902,66.458824,65.509804,66.003922,65.47451
38.101961,38.25098,44.356863,45.156863,47.101961,48.572549,46.972549,52.160784,54.176471,55.8,56.27451,57.772549,57.882353,60.894118,60.023529,59.52549,60.066667,60.560784,59.890196,62.015686,63.301961,62.694118,65.090196,64.2,64.807843,66.211765,68.2,66.956863,67.466667,67.772549,68.819608,67.729412,68.447059,69.121569,68.858824,69.615686,69.498039,68.623529,69.490196,69.109804,69.035294,69.623529,70.066667,70.666667,69.215686,70.007843,70.823529,71.07451,71.45098,71.568627,71.513725,71.407843,71.298039,71.603922,71.729412,71.509804,71.596078,71.839216,71.811765,71.776471,71.784314,71.72549,71.407843,71.352941,71.207843,71.607843,71.741176,71.972549,71.854902,71.913725,71.87451,71.952941,71.968627,71.94902,71.964706,71.980392,71.988235,71.996078,71.988235,71.996078,71.992157,72,72,72,71.988235,71.988235,72,71.996078,72,71.992157,71.984314,71.976471,71.996078,71.992157,71.992157,71.992157,71.984314,71.937255,71.964706,71.964706,71.956863,71.980392,71.956863,71.886275,71.976471,71.917647,71.92549,71.866667,71.917647,71.937255,71.972549,71.929412,71.960784,71.94902,71.952941,71.937255,71.992157,71.937255,71.956863,71.92549,71.854902,71.839216,71.72549,71.901961,71.956863,71.980392,71.984314,71.980392,71.976471,71.984314,71.960784,71.956863,71.984314,71.992157,72,71.968627,71.992157,71.956863,71.984314,71.984314,71.945098,71.94902,71.952941,71.968627,71.980392,71.960784,71.956863,71.937255,71.913725,71.945098,71.929412,71.968627,71.956863,71.968627,71.964706,71.988235,71.952941,71.968627,71.882353,71.87451,71.847059,71.705882,71.560784,71.517647,71.54902,71.596078,71.54902,71.101961,70.811765,70.34902,70.772549,70.282353,70.760784,69.811765,68.039216,68.988235,69.592157,69.776471,70.015686,70.717647,69.67451,69.556863,68.94902,68.305882,67.835294,68.572549,67.180392,66.8,65.87451,65.015686,66.015686,65.756863
38.329412,41.113725,43.972549,45.133333,44.901961,46.298039,51.32549,52.917647,53.811765,54.580392,57.290196,58.854902,58.023529,59.458824,60.588235,60.6,61.627451,59.403922,62.858824,62.282353,63.129412,64.678431,63.54902,64.380392,65.133333,66.85098,66.698039,67.564706,67.705882,67.223529,67.360784,68.34902,67.815686,67.235294,68.686275,69.964706,70.513725,68.72549,69.4,68.937255,68.588235,69.862745,70.031373,69.627451,68.945098,69.898039,71.254902,71.611765,71.478431,71.615686,71.490196,71.517647,71.388235,71.345098,71.517647,71.533333,71.647059,71.721569,71.811765,71.635294,71.701961,71.705882,71.682353,71.501961,71.760784,71.901961,71.878431,71.956863,71.933333,71.905882,71.933333,71.882353,71.898039,71.905882,71.968627,71.984314,71.988235,71.992157,71.992157,72,72,72,71.992157,72,71.996078,71.992157,72,71.984314,71.996078,71.980392,71.996078,71.984314,71.996078,72,71.988235,71.964706,71.945098,71.901961,71.952941,71.94902,71.992157,71.964706,71.980392,71.964706,71.94902,71.964706,71.964706,71.984314,71.992157,71.988235,71.964706,71.92549,71.992157,71.960784,71.976471,71.964706,71.913725,71.909804,71.870588,71.807843,71.901961,71.776471,71.796078,71.929412,71.984314,71.980392,71.984314,71.960784,71.968627,71.960784,71.960784,71.898039,71.984314,71.988235,71.988235,71.984314,71.94902,71.956863,71.901961,71.945098,71.941176,71.917647,71.905882,71.917647,71.929412,71.976471,71.964706,71.952941,71.972549,71.952941,71.917647,71.945098,71.952941,71.917647,71.988235,71.972549,71.937255,71.913725,71.898039,71.890196,71.788235,71.580392,71.690196,71.603922,71.658824,71.701961,71.403922,70.996078,70.847059,71.090196,71,70.529412,70.392157,70.396078,69.807843,69.188235,69.486275,69.678431,70.027451,69.952941,69.419608,69.490196,69.117647,67.639216,67.32549,68.203922,68.27451,67.227451,66.701961,65.988235,65.317647,65.556863
38.941176,43.188235,43.894118,43.596078,43.403922,46.941176,52.741176,55.054902,53.121569,55.87451,56.866667,56.921569,60.27451,58.384314,61.541176,61.54902,62.337255,62.05098,62.047059,61.2,63.313725,63.188235,63.05098,63.415686,65.760784,66.619608,66.647059,66.933333,67.423529,68.086275,68.509804,68.133333,67.717647,68.603922,69.266667,69.658824,70.466667,70.352941,69.572549,68.254902,68.603922,70.482353,70.839216,70.352941,69.215686,71.058824,70.764706,71.4,71.643137,71.494118,71.376471,71.352941,71.341176,71.313725,71.572549,71.6,71.596078,71.815686,71.839216,71.796078,71.827451,71.847059,71.756863,71.647059,71.87451,71.972549,71.960784,71.976471,71.956863,71.956863,71.945098,71.956863,71.956863,71.972549,71.972549,71.976471,71.992157,71.996078,71.980392,71.992157,71.996078,71.996078,72,71.996078,71.984314,71.964706,71.988235,72,71.996078,71.992157,71.980392,71.996078,71.952941,71.984314,71.984314,71.988235,71.976471,71.992157,71.980392,71.972549,71.984314,71.976471,71.956863,71.964706,71.980392,72,71.956863,71.952941,71.996078,71.988235,71.976471,71.945098,71.94902,71.960784,71.968627,71.988235,71.937255,71.92549,71.694118,71.85098,71.85098,71.780392,71.788235,71.823529,71.960784,71.984314,71.976471,71.964706,71.976471,71.976471,71.968627,71.972549,71.984314,71.980392,71.980392,71.996078,71.988235,71.976471,71.964706,71.980392,71.94902,71.898039,71.937255,71.894118,71.882353,71.964706,71.988235,71.941176,71.976471,71.968627,71.956863,71.976471,71.941176,71.984314,71.976471,71.929412,71.952941,71.886275,71.917647,71.917647,71.741176,71.713725,71.615686,71.478431,71.556863,71.454902,71.105882,71.490196,71.34902,71.235294,70.858824,70.776471,70.564706,70.45098,69.87451,69.039216,69.117647,70.172549,69.52549,69.513725,69.537255,69.015686,68.776471,67.066667,68.792157,68.827451,67.815686,68.435294,67.458824,66.188235,65.52549,66.992157
38.654902,40.72549,43.137255,43.090196,44.019608,49.54902,52.509804,57.388235,54.631373,56.882353,56.047059,58.403922,59.211765,58.709804,60.235294,62.286275,60.572549,60.745098,61.717647,61.768627,62.619608,62.196078,62.686275,65.482353,66.023529,67.294118,67.184314,67.627451,68.247059,68.447059,68.533333,68.815686,69.513725,69.894118,69.282353,70.07451,70.352941,70.14902,70.086275,69.039216,69.34902,70.109804,69.898039,70.05098,69.184314,70.635294,71.243137,71.545098,71.521569,71.207843,71.470588,71.423529,71.54902,71.635294,71.807843,71.690196,71.670588,71.898039,71.843137,71.831373,71.878431,71.933333,71.85098,71.882353,71.901961,71.988235,71.992157,71.988235,71.921569,71.960784,71.913725,71.94902,71.964706,71.968627,71.976471,71.984314,71.968627,71.984314,71.996078,71.992157,71.992157,71.996078,71.996078,71.988235,71.984314,71.996078,72,72,71.992157,72,71.972549,71.992157,71.968627,71.988235,71.980392,71.952941,71.968627,71.956863,72,71.996078,71.972549,71.980392,71.996078,71.992157,71.992157,71.992157,71.988235,71.964706,71.976471,71.984314,71.996078,71.984314,71.968627,71.984314,71.980392,71.941176,71.94902,71.937255,71.968627,71.913725,71.898039,71.803922,71.909804,71.941176,71.917647,71.94902,71.878431,71.937255,71.917647,71.952941,71.960784,71.984314,72,71.972549,71.996078,71.984314,71.984314,71.996078,71.988235,71.992157,71.952941,71.933333,71.901961,71.913725,71.909804,71.984314,71.945098,71.996078,72,71.996078,71.972549,71.984314,71.988235,71.988235,71.968627,71.960784,71.905882,71.937255,71.854902,71.858824,71.937255,71.701961,71.635294,71.301961,71.439216,71.372549,71.454902,71.584314,71.654902,71.635294,70.984314,70.062745,70.003922,70.47451,70.039216,69.262745,69.443137,69.878431,69.486275,70.082353,68.647059,68.772549,69,68.333333,67.572549,68.552941,67.552941,67.486275,67.34902,67.368627,66.6,66.062745
39.086275,40.533333,45.627451,46.584314,48.168627,52.054902,53.929412,57.145098,53.964706,57,56.505882,58.431373,57.6,59.752941,60.356863,60.603922,60.247059,60.082353,61.905882,63.427451,62.843137,62.2,62.580392,65.517647,65.501961,65.909804,68.007843,67.611765,67.490196,68.247059,68.352941,68.098039,67.313725,68.815686,69.058824,68.917647,69.027451,68.984314,69.741176,69.482353,69.439216,69.760784,69.462745,69.372549,70.329412,70.654902,71.462745,71.568627,71.07451,70.721569,71.564706,71.647059,71.666667,71.65098,71.792157,71.431373,71.701961,71.878431,71.6,71.768627,71.819608,71.941176,71.878431,71.866667,71.941176,71.972549,71.996078,72,71.960784,71.941176,71.917647,71.964706,71.956863,71.976471,71.984314,72,71.996078,71.992157,72,71.996078,71.996078,72,71.996078,72,71.992157,72,71.992157,71.996078,71.992157,71.992157,71.960784,71.956863,71.972549,71.964706,71.960784,71.996078,72,71.988235,71.996078,71.992157,71.992157,72,71.992157,71.976471,71.996078,71.984314,71.992157,71.988235,71.996078,71.996078,71.992157,71.980392,71.992157,71.984314,71.992157,71.960784,71.937255,71.960784,71.972549,71.964706,71.980392,71.882353,71.901961,71.898039,71.858824,71.968627,71.878431,71.933333,71.933333,71.92549,71.94902,71.988235,72,72,72,71.992157,71.992157,71.996078,71.988235,71.92549,71.952941,71.886275,71.917647,71.843137,71.921569,71.952941,71.972549,71.992157,71.988235,71.984314,71.980392,71.976471,71.929412,71.905882,71.92549,71.972549,71.941176,71.976471,71.894118,71.933333,71.952941,71.807843,71.564706,71.52549,71.443137,71.717647,71.709804,71.776471,71.827451,71.788235,71.309804,70.815686,70.752941,69.65098,69.745098,69.286275,69.403922,68.505882,68.133333,68.168627,68.247059,69.796078,68.917647,68.47451,67.666667,68.941176,66.960784,67.270588,66.643137,66.701961,66.513725,67.807843
40.133333,44.05098,45.603922,44.301961,42.976471,47.066667,54.345098,55.52549,51.92549,54.776471,55.592157,57.772549,59.117647,60.788235,59.52549,60.376471,59.972549,59.686275,60.517647,62.27451,62.45098,63.588235,62.070588,63.564706,64.784314,66.819608,67.537255,67.647059,67.764706,67.486275,67.92549,67.262745,68.619608,69.027451,68.603922,68.686275,68.764706,68.780392,69.372549,69.858824,70.215686,69.313725,69.266667,67.905882,70.709804,71.294118,71.380392,71.239216,70.843137,71.282353,71.603922,71.666667,71.466667,71.584314,71.454902,71.509804,71.666667,71.701961,71.74902,71.682353,71.764706,71.964706,71.917647,71.929412,71.909804,71.956863,71.976471,71.996078,71.960784,71.968627,71.956863,71.984314,71.988235,71.984314,71.968627,71.992157,71.988235,71.992157,72,72,72,71.996078,71.996078,72,72,71.992157,71.996078,71.992157,71.996078,72,71.988235,71.945098,71.976471,71.996078,71.992157,71.964706,71.980392,71.968627,71.980392,71.992157,72,71.996078,71.996078,71.996078,71.996078,71.980392,72,71.992157,72,72,71.992157,71.996078,71.996078,71.988235,72,72,71.964706,71.952941,71.988235,71.980392,71.984314,71.933333,71.87451,71.847059,71.894118,71.878431,71.92549,71.894118,71.956863,71.976471,71.94902,71.996078,71.996078,72,72,72,72,71.992157,71.976471,71.996078,71.921569,71.882353,71.823529,71.8,71.909804,71.952941,71.992157,71.976471,71.976471,71.984314,71.972549,71.941176,71.984314,71.882353,71.984314,71.94902,71.972549,71.956863,71.972549,71.917647,71.913725,71.843137,71.776471,71.74902,71.780392,71.819608,71.862745,71.941176,71.839216,71.843137,71.631373,71.027451,70.654902,70.141176,69.517647,69.752941,69.733333,69.070588,69.356863,68.588235,69.278431,69.552941,68.866667,69.156863,68.035294,67.827451,68.317647,67.988235,67.72549,66.913725,67.301961,66.65098
40.701961,41.74902,44.537255,44.839216,46.6,50.776471,55.776471,55.34902,54.882353,55.694118,58.654902,58.12549,58.192157,58.647059,59.32549,60.870588,58.356863,59.682353,60.831373,61.72549,61.662745,62.494118,62.615686,63.517647,65.156863,66.298039,67.690196,68.478431,68.498039,68.172549,68.87451,68.078431,69.788235,69.356863,68.729412,68.815686,68.505882,68.890196,69.545098,69.498039,69.458824,69.698039,69.478431,69.882353,70.898039,71.066667,71.160784,71.517647,71.494118,71.580392,71.564706,71.568627,71.537255,71.65098,71.560784,71.85098,71.847059,71.690196,71.74902,71.854902,71.937255,71.941176,71.94902,71.941176,71.984314,71.960784,71.976471,71.945098,71.921569,71.960784,71.921569,71.905882,71.988235,71.988235,71.996078,71.992157,71.992157,71.996078,72,71.996078,71.996078,72,71.996078,71.996078,72,72,72,71.996078,71.992157,71.984314,72,71.952941,71.996078,72,71.996078,71.996078,71.976471,71.964706,71.964706,71.996078,72,71.996078,71.984314,71.992157,71.992157,71.980392,71.992157,72,72,71.984314,71.984314,72,71.996078,72,71.992157,71.996078,71.996078,71.988235,72,72,71.996078,71.945098,71.941176,71.905882,71.917647,71.921569,71.901961,71.929412,71.94902,71.964706,71.992157,71.992157,71.988235,72,71.996078,72,72,71.992157,71.996078,71.988235,71.94902,71.917647,71.933333,71.854902,71.870588,71.945098,71.980392,71.964706,71.913725,71.984314,71.984314,71.917647,71.972549,71.94902,71.968627,71.972549,71.976471,71.956863,71.894118,71.956863,71.952941,71.835294,71.780392,71.658824,71.866667,71.894118,71.960784,71.94902,71.913725,71.843137,71.686275,71.27451,70.443137,70.439216,69.945098,69.890196,69.352941,69.752941,69.247059,68.756863,69.34902,69.545098,69.419608,69.243137,68.862745,68.698039,68.87451,69.137255,68.376471,68.203922,66.082353,66.321569
42.231373,45.937255,45.372549,47.498039,50.592157,53.329412,54.380392,54.698039,56.607843,57.341176,58.513725,58.592157,58.866667,60.415686,58.160784,60.345098,59.368627,60.129412,59.894118,61.101961,62.980392,62.415686,64.639216,63.580392,65.717647,67.709804,69.203922,68.733333,69.384314,68.67451,68.843137,70.184314,70.266667,70.572549,70.384314,69.764706,69.152941,69.462745,69.07451,69.54902,69.262745,69.556863,69.94902,69.94902,70.647059,70.768627,71.505882,71.47451,71.639216,71.584314,71.478431,71.635294,71.796078,71.615686,71.376471,71.615686,71.611765,71.643137,71.74902,71.752941,71.933333,71.937255,71.803922,71.862745,71.909804,71.952941,71.972549,71.960784,71.960784,71.933333,71.968627,71.933333,71.964706,71.988235,72,72,72,72,72,71.996078,71.992157,72,71.996078,72,72,72,72,72,72,72,71.976471,71.984314,72,71.988235,71.992157,71.972549,71.992157,71.976471,71.992157,71.996078,72,72,71.996078,71.992157,72,71.996078,72,72,71.996078,72,72,71.996078,71.992157,71.984314,72,71.996078,71.980392,71.984314,71.996078,71.980392,71.980392,71.921569,71.92549,71.933333,71.984314,71.964706,71.964706,71.921569,71.937255,71.894118,71.960784,71.976471,71.996078,71.996078,71.996078,71.996078,71.992157,71.984314,71.976471,71.964706,71.976471,71.92549,71.937255,71.929412,71.952941,71.980392,71.968627,71.937255,71.917647,71.980392,71.996078,71.972549,71.964706,71.952941,71.952941,71.941176,71.984314,71.968627,71.952941,71.941176,71.913725,71.92549,71.839216,71.839216,71.776471,71.827451,71.894118,71.968627,71.980392,71.847059,71.419608,70.678431,70.137255,69.788235,70.278431,70.035294,69.286275,70.07451,70.078431,70.129412,70.368627,69.654902,68.207843,68.792157,70.078431,68.737255,67.423529,68.827451,67.909804,67.886275,67.964706,66.678431
43.098039,43.352941,47.756863,48.513725,50.419608,51.835294,51.862745,53.776471,53.996078,56.109804,59.913725,58.090196,59.082353,58.964706,59.784314,60.294118,60.058824,61.588235,60.121569,63.039216,62.823529,63.113725,66.270588,64.270588,67.145098,67.015686,68.345098,68.811765,69.729412,69.317647,68.756863,69.482353,70.333333,70.537255,70.011765,69.392157,68.772549,69.65098,70.466667,70.168627,70.623529,69.721569,70.141176,70.282353,70.270588,71.109804,71.690196,71.462745,71.156863,71.415686,71.603922,71.133333,70.945098,71.705882,71.670588,71.756863,71.811765,71.807843,71.603922,71.729412,71.752941,71.913725,71.847059,71.792157,71.776471,71.956863,71.992157,71.964706,71.956863,71.972549,71.945098,71.937255,71.956863,71.996078,71.992157,71.996078,72,72,72,72,72,72,72,72,72,72,71.992157,71.996078,71.988235,71.996078,71.992157,71.980392,71.996078,71.992157,71.980392,71.980392,71.972549,71.992157,72,72,72,71.996078,72,72,72,71.996078,71.996078,72,71.996078,72,71.996078,72,71.988235,71.996078,71.992157,71.996078,72,71.996078,71.968627,71.984314,71.972549,71.988235,71.992157,71.972549,71.976471,71.976471,71.980392,71.988235,71.976471,71.937255,71.858824,71.858824,71.984314,71.984314,71.988235,71.988235,71.988235,71.980392,71.941176,71.976471,71.980392,71.968627,71.941176,71.933333,71.831373,71.964706,71.968627,71.996078,71.956863,71.992157,71.996078,71.996078,71.988235,71.878431,71.937255,71.929412,71.870588,71.878431,71.933333,71.87451,71.945098,71.847059,71.890196,71.831373,71.721569,71.901961,71.917647,71.94902,71.921569,71.729412,71.282353,70.72549,70.133333,70.007843,70.733333,69.784314,69.301961,70.160784,69.380392,70.607843,69.478431,69.427451,69.003922,67.768627,68.352941,67.27451,67.796078,67.913725,69.211765,68.815686,67.043137,66.901961
41.462745,47.482353,48.023529,45.792157,50.447059,53.27451,52.05098,54.611765,55.333333,55.890196,60.164706,58.356863,58.745098,59.968627,60.835294,61.305882,60.839216,60.34902,61.733333,62.12549,62.894118,62.901961,65.227451,65.819608,66.635294,66.231373,68.870588,69,69.313725,69.003922,68.713725,69.576471,69.956863,70.721569,69.529412,69.07451,69.07451,69.764706,70.12549,70.72549,69.87451,70.321569,70.443137,70.552941,70.682353,70.635294,71.301961,71.568627,71.141176,71.596078,71.670588,70.458824,70.984314,71.733333,71.878431,71.894118,71.8,71.898039,71.913725,71.866667,71.768627,71.682353,71.815686,71.737255,71.882353,71.941176,71.968627,71.976471,71.980392,71.94902,71.937255,71.94902,71.984314,71.980392,71.996078,72,71.996078,72,72,71.988235,71.996078,71.996078,72,72,72,71.992157,71.992157,71.980392,71.988235,71.964706,71.996078,71.996078,71.980392,71.964706,71.964706,71.968627,71.988235,72,72,72,71.996078,71.996078,72,72,72,72,72,72,72,72,72,72,71.992157,71.992157,71.996078,71.996078,72,71.996078,71.968627,71.992157,71.984314,71.921569,71.984314,71.976471,71.976471,71.94902,71.945098,71.964706,71.964706,71.960784,71.87451,71.890196,71.972549,71.945098,71.964706,71.992157,71.972549,71.956863,71.964706,71.94902,71.972549,71.929412,71.968627,71.807843,71.956863,71.976471,71.992157,71.984314,71.984314,71.972549,71.996078,71.996078,72,71.960784,71.933333,71.882353,71.929412,71.921569,71.87451,71.85098,71.968627,71.929412,71.784314,71.803922,71.505882,71.639216,71.913725,71.960784,71.862745,71.611765,71.05098,70.843137,70.47451,70.180392,70.615686,70.341176,69.643137,70.031373,70.411765,69.913725,70.058824,68.933333,68.980392,68.752941,68.541176,68.717647,68.670588,68.784314,68.792157,66.807843,65.023529,66.223529
40.831373,42.721569,43.776471,46.984314,51.6,53.831373,53.980392,52.619608,55.752941,56.058824,59.282353,57.27451,60.203922,58.843137,59.615686,58.623529,60.513725,61.078431,62.45098,61.870588,61.878431,63.764706,64.12549,64.411765,64.070588,67.835294,68.603922,69.803922,69.929412,69.6,69.364706,69.529412,69.756863,69.521569,69.764706,69.666667,69.772549,69.717647,69.917647,70.043137,70.294118,70.066667,70.952941,70.509804,70.627451,71.117647,71.517647,71.160784,71.007843,71.160784,71.298039,70.403922,71.043137,71.592157,71.698039,71.835294,71.776471,71.839216,71.85098,71.878431,71.768627,71.67451,71.862745,71.878431,71.968627,71.952941,71.952941,71.984314,71.980392,71.94902,71.941176,71.945098,71.988235,71.988235,72,71.996078,71.980392,71.980392,71.988235,71.980392,71.996078,71.996078,71.980392,71.984314,71.972549,71.984314,71.984314,71.992157,71.980392,71.976471,71.980392,71.988235,71.988235,71.992157,72,71.980392,72,72,72,72,71.996078,72,72,71.996078,72,71.996078,72,72,72,72,72,72,72,72,72,71.996078,71.996078,71.996078,71.992157,71.996078,71.996078,71.968627,71.996078,71.976471,71.917647,71.960784,71.984314,71.960784,71.952941,71.882353,71.941176,71.92549,71.992157,71.976471,71.988235,71.984314,71.988235,71.87451,71.988235,71.909804,71.921569,71.917647,71.952941,71.847059,71.917647,71.956863,71.988235,71.992157,71.992157,72,72,71.992157,71.992157,71.972549,71.843137,71.815686,71.87451,71.815686,71.839216,71.854902,71.964706,71.937255,71.862745,71.843137,71.709804,71.678431,71.843137,71.882353,71.666667,71.392157,71.411765,70.968627,70.666667,70.145098,69.960784,70.121569,69.921569,70.360784,70.011765,69.462745,69.54902,70.14902,69.494118,68.756863,68.294118,68.823529,67.65098,68.509804,68.439216,67.666667,66.282353,64.168627
40.8,41.827451,43.058824,48.654902,50.815686,54.176471,53.070588,53.262745,56.403922,56.34902,58.407843,56.380392,59.117647,60.25098,58.686275,59.32549,58.890196,60.85098,62.372549,60.039216,61.890196,62.858824,64.396078,63.101961,64.231373,67.886275,68.576471,68.662745,69.305882,69.654902,69.705882,69.647059,69.913725,68.52549,68.890196,69.776471,69.090196,69.960784,70.035294,69.870588,70.560784,70.776471,71.164706,70.992157,71.113725,71.286275,71.576471,71.45098,71.341176,71.301961,71.098039,71.67451,71.654902,71.831373,71.835294,71.87451,71.85098,71.823529,71.780392,71.627451,71.666667,71.682353,71.686275,71.835294,71.854902,71.913725,71.937255,71.956863,71.929412,71.937255,71.941176,71.956863,71.988235,71.984314,71.988235,71.996078,71.996078,72,72,72,71.992157,71.992157,71.988235,71.996078,71.988235,71.984314,71.964706,71.972549,71.992157,71.988235,71.996078,71.996078,71.984314,71.988235,71.992157,71.996078,72,72,72,72,72,72,71.996078,71.996078,71.988235,71.996078,71.992157,71.968627,71.992157,71.972549,71.992157,71.988235,72,72,72,72,72,72,71.976471,71.996078,71.964706,71.929412,71.94902,71.976471,71.937255,71.933333,71.937255,71.964706,71.956863,71.968627,71.937255,71.964706,71.984314,71.984314,71.972549,71.992157,71.968627,71.960784,71.976471,71.933333,71.976471,71.92549,71.960784,71.941176,71.964706,71.980392,71.988235,71.968627,71.992157,71.996078,71.976471,71.980392,71.964706,71.87451,71.917647,71.792157,71.756863,71.796078,71.937255,71.941176,71.980392,71.929412,71.921569,71.768627,71.678431,71.517647,71.67451,71.686275,71.54902,71.419608,70.945098,70.960784,70.807843,70.623529,69.705882,70.047059,70.482353,70.517647,69.709804,68.45098,70.094118,69.556863,69.160784,68.345098,67.678431,68.364706,68.65098,69.372549,68.984314,68.796078,67.254902,65.635294
44.815686,42.905882,45.043137,45.25098,50.72549,52.564706,53.337255,53.866667,56.552941,55.909804,57.556863,57.192157,58.996078,57.505882,58.494118,59.960784,60.129412,59.639216,62.870588,63.109804,64.062745,62.678431,64.12549,66.545098,67.901961,67.541176,67.584314,68.152941,69.470588,68.784314,69.309804,69.615686,69.129412,69.45098,69.823529,69.756863,69.698039,69.847059,69.956863,70.439216,70.337255,71.258824,71.235294,70.760784,71.211765,71.541176,71.392157,71.180392,71.215686,71.611765,71.356863,71.466667,71.52549,71.803922,71.890196,71.85098,71.890196,71.803922,71.745098,71.678431,71.784314,71.796078,71.8,71.819608,71.803922,71.886275,71.890196,71.968627,71.976471,71.980392,71.988235,71.976471,71.992157,71.996078,71.984314,71.992157,71.984314,71.992157,71.996078,72,72,71.992157,72,71.988235,71.988235,71.980392,71.984314,71.996078,72,71.94902,71.976471,71.972549,71.964706,71.996078,71.984314,72,72,72,72,72,72,71.984314,71.968627,71.972549,71.984314,71.980392,71.996078,72,71.996078,71.972549,71.988235,71.984314,72,72,71.996078,71.992157,72,72,71.996078,71.992157,71.964706,71.956863,71.941176,71.941176,71.960784,71.992157,71.94902,71.933333,71.87451,71.74902,71.980392,71.992157,71.984314,71.988235,71.992157,71.960784,71.996078,71.996078,71.980392,71.956863,71.956863,71.941176,71.917647,71.964706,71.984314,71.976471,71.988235,71.996078,71.996078,71.972549,71.988235,71.941176,71.956863,71.878431,71.772549,71.85098,71.85098,71.960784,71.964706,71.952941,71.964706,71.960784,71.85098,71.831373,71.678431,71.607843,71.454902,71.407843,71.360784,71.207843,71.447059,71.039216,70.670588,70.533333,70.203922,69.552941,70.05098,69.427451,69.258824,68.713725,69.290196,69.709804,69.764706,68.682353,67.121569,67.447059,68.247059,69.403922,69.235294,69.678431,67.913725,67.027451
40.776471,42.223529,45.243137,49.4,52.415686,51.4,54.713725,53.337255,54.403922,58.282353,56.243137,58.337255,58.541176,58.647059,57.882353,59.913725,61.262745,61.447059,64.839216,62.737255,64.180392,64.8,63.658824,65.105882,67.572549,66.858824,68.011765,68.129412,68.643137,69.203922,69.007843,69.717647,70.219608,69.709804,70.34902,70.211765,70.2,70.992157,70.247059,70.54902,70.572549,70.32549,70.545098,70.682353,71.137255,70.905882,71.388235,71.623529,71.639216,71.568627,71.780392,71.545098,71.592157,71.690196,71.823529,71.862745,71.890196,71.768627,71.815686,71.8,71.745098,71.878431,71.737255,71.796078,71.815686,71.878431,71.941176,71.92549,71.862745,71.960784,71.980392,71.972549,72,71.992157,71.992157,71.988235,71.996078,71.996078,71.996078,71.992157,71.996078,71.984314,71.992157,71.992157,71.992157,71.952941,71.960784,71.992157,71.988235,71.94902,71.941176,71.976471,71.996078,71.992157,71.996078,72,71.996078,72,72,72,72,71.992157,71.984314,71.933333,71.952941,71.980392,72,72,71.996078,72,71.996078,71.984314,71.992157,71.984314,72,72,72,72,72,72,71.976471,71.941176,71.929412,71.937255,71.964706,71.968627,71.901961,71.921569,71.823529,71.729412,71.937255,71.984314,71.996078,71.996078,71.992157,72,72,71.992157,71.992157,71.996078,71.984314,71.976471,71.901961,71.964706,71.992157,71.984314,71.984314,72,71.984314,71.976471,71.968627,71.909804,71.909804,71.898039,71.933333,71.894118,71.945098,71.988235,71.956863,71.960784,71.905882,71.941176,71.87451,71.901961,71.756863,71.815686,71.627451,71.352941,71.490196,71.419608,71.6,71.286275,71.203922,70.556863,70.105882,69.54902,69.462745,69.537255,69.113725,68.690196,69.141176,69.745098,70.094118,69.87451,68.580392,68.470588,68.596078,69.196078,69.690196,69.301961,67.501961,67.694118
43.415686,41.345098,44.058824,47.705882,50.92549,52.380392,52.117647,52.580392,54.301961,57.32549,58.247059,58.356863,58.443137,58.784314,57.462745,57.964706,61.533333,62.623529,63.65098,62.105882,63.937255,64.698039,65.054902,66.776471,66.682353,67.94902,68.023529,69.035294,68.282353,69.494118,69.145098,68.988235,69.831373,69.721569,70.266667,70.756863,71.078431,70.713725,70.411765,70.156863,70.713725,68.517647,68.062745,70.898039,71.270588,71.435294,71.713725,71.576471,71.607843,71.654902,71.654902,71.631373,71.807843,71.780392,71.776471,71.921569,71.729412,71.584314,71.862745,71.854902,71.921569,71.819608,71.768627,71.917647,71.941176,71.976471,71.960784,71.972549,71.956863,71.964706,71.988235,71.992157,71.956863,71.976471,71.996078,71.984314,71.992157,71.984314,72,71.988235,71.980392,71.956863,71.992157,71.996078,71.980392,71.984314,71.980392,71.984314,71.956863,71.921569,71.945098,71.980392,71.992157,71.992157,72,72,71.996078,72,72,72,72,72,72,71.980392,71.980392,71.988235,71.996078,71.996078,72,71.996078,72,71.980392,71.980392,72,72,72,72,71.992157,71.996078,71.992157,71.984314,71.988235,71.972549,71.945098,71.960784,71.94902,71.956863,71.960784,71.917647,71.8,71.894118,71.972549,71.996078,71.992157,71.992157,71.992157,72,72,71.996078,71.984314,71.976471,71.956863,71.960784,71.988235,71.964706,71.968627,71.996078,71.996078,71.980392,71.937255,71.964706,71.960784,71.933333,71.956863,71.952941,71.972549,71.996078,71.976471,71.988235,71.992157,71.964706,71.901961,71.780392,71.835294,71.780392,71.917647,71.756863,71.701961,71.694118,71.658824,71.137255,70.882353,71.262745,70.478431,70.356863,69.443137,69.607843,69,68.721569,69.109804,69.541176,69.694118,70.294118,69.835294,68.317647,68.509804,67.960784,68.360784,68.290196,69.447059,67.588235,66.694118
40.098039,42.721569,43.886275,48.866667,52.321569,53.298039,51.827451,53.419608,55.576471,55.74902,59.117647,57.247059,58.615686,59.709804,58.717647,59.188235,60.329412,60.811765,61.521569,61.219608,62.109804,63.066667,64.607843,66.866667,66.72549,66.882353,67.85098,68.27451,69.043137,69.87451,68.796078,69.262745,70.011765,69.533333,69.105882,70.635294,71.188235,70.729412,69.862745,69.831373,70.4,69.870588,70.866667,70.541176,70.964706,71.470588,71.807843,71.694118,71.517647,71.6,71.556863,71.701961,71.639216,71.788235,71.698039,71.733333,71.87451,71.87451,71.960784,71.882353,71.956863,71.933333,71.952941,71.964706,71.952941,71.964706,71.298039,71.584314,71.94902,71.960784,71.972549,71.992157,71.956863,71.992157,71.988235,71.980392,71.992157,71.996078,71.980392,71.976471,71.968627,71.984314,71.968627,71.988235,71.984314,71.952941,71.980392,71.968627,71.94902,71.968627,71.996078,72,72,72,72,72,72,72,72,72,72,72,71.996078,72,71.984314,71.988235,71.984314,72,72,72,72,72,71.996078,71.996078,71.988235,72,72,72,71.992157,71.996078,71.996078,71.980392,71.980392,71.988235,71.94902,71.960784,71.933333,71.988235,71.968627,71.913725,71.941176,71.976471,71.980392,71.976471,71.972549,71.976471,71.996078,72,72,71.996078,71.996078,71.960784,71.94902,71.94902,71.972549,71.964706,71.972549,71.984314,71.960784,71.929412,71.933333,71.960784,71.952941,71.956863,71.94902,71.980392,71.984314,71.992157,71.992157,71.941176,71.909804,71.960784,71.917647,71.862745,71.956863,71.92549,71.823529,71.776471,71.819608,71.772549,71.611765,71.584314,71.039216,70.596078,70.898039,70.062745,69.313725,68.847059,68.560784,69.890196,69.835294,70.262745,70.317647,70.133333,69.772549,68.992157,69.294118,69.490196,68.992157,69.768627,68.341176,67.584314
41.294118,44.635294,49.482353,49.760784,49.976471,52.764706,52.286275,53.764706,55.372549,57.666667,59.592157,58.647059,58.603922,59.670588,58.176471,59.819608,60.329412,59.952941,60.654902,60.533333,60.631373,62.313725,64.223529,65.94902,66.509804,68.180392,69.043137,69.690196,69.701961,69.070588,68.831373,68.909804,70.07451,69.827451,69.972549,70.721569,70.6,70.717647,70.439216,69.772549,69.564706,69.933333,70.513725,70.345098,70.92549,71.607843,71.768627,71.658824,71.713725,71.580392,71.619608,71.737255,71.713725,71.788235,71.890196,71.843137,71.803922,71.886275,71.898039,71.870588,71.886275,71.882353,71.976471,71.968627,71.976471,71.956863,71.14902,71.658824,71.976471,71.92549,71.996078,71.972549,71.972549,71.984314,71.988235,71.988235,71.972549,71.984314,71.972549,71.988235,71.980392,71.992157,71.984314,71.988235,71.992157,71.988235,71.984314,71.980392,71.988235,71.992157,72,72,71.996078,72,71.992157,71.984314,72,72,72,72,72,72,72,72,71.976471,71.976471,71.988235,72,72,72,72,71.996078,71.996078,72,72,72,72,71.992157,72,72,71.996078,71.980392,71.996078,71.992157,71.984314,71.968627,71.992157,71.988235,71.976471,71.972549,71.972549,71.976471,71.972549,71.996078,71.992157,71.996078,72,72,72,72,71.996078,72,71.976471,71.984314,71.980392,71.94902,71.972549,71.984314,71.976471,71.956863,71.921569,71.968627,71.996078,71.964706,71.980392,71.972549,72,71.992157,71.968627,71.980392,71.937255,71.909804,71.952941,71.933333,71.815686,71.788235,71.792157,71.811765,71.858824,71.827451,71.509804,71.529412,70.713725,70.772549,70.537255,70.219608,69.509804,69.360784,68.647059,70.047059,70.372549,71.109804,70.309804,69.643137,69.807843,69.011765,69.403922,69.156863,68.580392,68.215686,67.411765,67.592157
41.85098,43.062745,47.937255,48.2,53.223529,50.435294,50.772549,53.917647,56.262745,56.517647,58.490196,58.184314,59.188235,58.72549,58.623529,59.054902,61.45098,61.541176,62.086275,61.490196,62.34902,61.694118,65.301961,66.419608,66.113725,67.976471,68.909804,69.988235,70.290196,68.968627,69.486275,68.909804,69.984314,70.023529,70.545098,70.254902,70.215686,69.796078,69.533333,69.858824,69.419608,70.231373,69.87451,70.298039,70.815686,71.545098,71.694118,71.564706,71.607843,71.352941,71.623529,71.831373,71.898039,71.945098,71.92549,71.937255,71.894118,71.929412,71.890196,71.721569,71.8,71.941176,71.972549,71.976471,71.972549,71.960784,71.952941,71.956863,71.980392,71.976471,71.941176,71.976471,71.941176,71.968627,71.996078,72,71.996078,71.992157,72,71.996078,72,71.996078,72,72,71.980392,71.988235,71.996078,71.992157,71.996078,72,72,72,71.996078,71.992157,72,71.996078,71.996078,71.996078,72,72,72,72,72,72,72,71.996078,71.996078,72,72,72,72,72,72,72,71.996078,71.996078,71.996078,72,72,72,71.996078,72,72,71.996078,72,71.972549,71.976471,71.992157,71.988235,71.952941,71.956863,71.952941,71.996078,71.996078,71.992157,71.996078,71.996078,72,72,71.992157,71.988235,71.976471,71.952941,71.956863,71.980392,71.976471,71.968627,71.988235,71.992157,71.984314,71.945098,71.956863,71.960784,71.92549,71.956863,71.972549,71.980392,71.996078,72,71.988235,71.976471,71.941176,71.819608,71.776471,71.74902,71.901961,71.858824,71.878431,71.87451,71.627451,71.423529,70.898039,70.486275,70.32549,70.32549,69.490196,69.360784,69.121569,68.988235,70.207843,70.227451,70.996078,70.231373,69.615686,69.313725,68.266667,68.258824,67.835294,68.243137,67.894118,67.807843,66.396078
43.447059,46.415686,47.341176,50.709804,52.431373,51.611765,53.305882,53.035294,56.85098,57.011765,58.152941,57.333333,59.941176,59.682353,60.886275,60.039216,59.882353,60.152941,61.211765,61.364706,64.588235,63.270588,64.082353,64.733333,67.529412,68.364706,68.227451,69.317647,69.384314,69.12549,69.337255,68.843137,69.478431,69.752941,69.737255,70.419608,69.827451,69.854902,68.972549,69.980392,69.662745,70.309804,70.952941,70.333333,71.25098,71.145098,71.372549,71.231373,71.678431,71.494118,71.8,71.894118,71.901961,71.905882,71.929412,71.945098,71.870588,71.717647,71.501961,71.701961,71.839216,71.905882,71.909804,71.909804,71.992157,71.964706,71.960784,71.976471,71.988235,71.968627,71.917647,71.980392,71.976471,71.960784,71.980392,71.996078,71.976471,71.996078,71.996078,71.996078,71.996078,71.984314,72,71.996078,71.988235,71.996078,72,71.992157,71.988235,72,71.996078,71.996078,71.996078,71.996078,72,72,72,72,72,72,72,72,72,72,72,71.988235,71.996078,72,72,72,72,72,71.996078,71.992157,71.992157,71.992157,71.992157,72,72,71.996078,72,71.996078,72,71.996078,71.984314,71.996078,72,71.996078,71.992157,71.996078,71.984314,71.956863,71.984314,71.980392,72,71.996078,72,72,72,72,72,71.992157,71.984314,71.980392,71.984314,71.835294,71.94902,71.984314,71.992157,71.996078,71.996078,71.988235,71.964706,71.92549,71.976471,71.964706,71.984314,71.996078,71.996078,71.984314,71.984314,71.898039,71.835294,71.847059,71.843137,71.764706,71.835294,71.882353,71.678431,71.756863,71.14902,71.031373,70.376471,70.556863,70.443137,70.607843,69.701961,70.313725,69.537255,70.207843,69.811765,70.796078,70.45098,69.756863,68.898039,68.345098,68.211765,68.019608,67.733333,67.909804,67.070588,66.823529
43.509804,46.019608,48.239216,51.129412,53.521569,54.039216,56.556863,56.129412,56.858824,56.643137,55.929412,56.058824,56.47451,56.843137,58.027451,61.419608,58.984314,60.105882,60.988235,63.572549,62.682353,62.486275,63.831373,65.101961,66.537255,67.890196,67.945098,69.568627,68.866667,69.196078,68.858824,68.121569,68.933333,69.419608,68.129412,70.090196,70.32549,70.717647,70.235294,70.407843,70.090196,70.94902,70.631373,71.188235,70.917647,70.670588,71.396078,71.509804,71.772549,71.541176,71.694118,71.788235,71.917647,71.945098,71.945098,71.886275,71.752941,71.647059,71.8,71.815686,71.882353,71.901961,71.886275,71.933333,71.92549,71.956863,71.968627,71.980392,71.980392,71.984314,71.941176,71.976471,71.988235,71.996078,71.992157,71.988235,72,71.980392,71.952941,71.992157,72,71.996078,72,72,71.988235,72,72,72,71.988235,72,71.996078,72,72,71.992157,72,72,72,72,72,72,72,72,72,72,72,71.988235,72,72,72,72,72,72,71.996078,71.996078,71.996078,71.996078,71.996078,72,72,71.996078,71.996078,72,71.996078,72,72,71.992157,72,72,71.984314,71.992157,71.960784,71.937255,71.945098,71.980392,71.976471,71.996078,72,72,72,71.996078,71.960784,71.996078,71.984314,71.988235,71.968627,71.945098,71.968627,72,72,72,71.988235,71.984314,71.988235,71.956863,71.94902,71.917647,71.976471,71.992157,71.996078,71.992157,71.956863,71.878431,71.784314,71.733333,71.776471,71.827451,71.729412,71.498039,71.498039,71.701961,71.533333,71.396078,71.172549,71.007843,71.019608,70.65098,70.564706,70.682353,70.105882,70.047059,70.47451,70.835294,70.545098,70.498039,69.717647,69.078431,68.368627,68.145098,68.309804,68.419608,67.25098,65.772549
43.27451,48.486275,47.87451,54.505882,53.729412,53.815686,53.435294,57.666667,56.909804,56.560784,58.003922,57.784314,58.47451,58.152941,57.023529,60.666667,59.470588,59.729412,61.078431,61.788235,61.345098,62.454902,63.478431,65.886275,64.752941,68.188235,68.823529,68.482353,68.231373,68.576471,68.270588,67.596078,68.207843,69.431373,68.592157,69.180392,69.419608,70.270588,70.023529,70.266667,70.019608,69.47451,70.309804,71.168627,71.003922,70.803922,71.45098,71.458824,71.478431,71.654902,71.815686,71.839216,71.921569,71.929412,71.913725,71.866667,71.815686,71.878431,71.741176,71.945098,71.901961,71.909804,71.945098,71.988235,72,71.976471,71.988235,71.964706,71.956863,71.968627,71.937255,71.984314,71.988235,71.984314,71.980392,72,71.984314,71.988235,71.980392,71.988235,72,72,72,72,72,72,72,71.992157,72,72,72,72,72,72,71.996078,72,71.996078,71.996078,72,71.996078,71.992157,72,72,71.996078,72,72,72,72,72,72,72,71.996078,71.996078,72,71.996078,72,72,71.992157,71.980392,72,71.996078,71.996078,72,71.992157,71.992157,71.984314,72,71.992157,71.992157,71.988235,71.988235,71.960784,71.941176,71.992157,71.980392,72,72,72,72,71.992157,71.992157,71.952941,71.980392,71.968627,71.960784,71.945098,71.933333,71.992157,71.996078,71.980392,71.988235,71.972549,71.976471,71.992157,71.988235,71.988235,71.988235,71.945098,71.984314,71.988235,71.968627,71.968627,71.964706,71.921569,71.521569,71.658824,71.764706,71.682353,71.623529,71.741176,71.509804,71.2,71.52549,71.172549,70.792157,70.72549,69.811765,69.043137,70.580392,70.094118,70.486275,70.482353,70.529412,70.87451,70.286275,69.658824,68.227451,68.537255,68.564706,67.603922,68.447059,68.290196
43.937255,43.984314,47.74902,52.203922,52.847059,53.039216,55.164706,57.023529,56.603922,57.839216,58.670588,60.007843,60.188235,57.784314,59.321569,60.780392,60.396078,61.129412,61.262745,60.270588,62.372549,63.372549,65.380392,64.882353,65.168627,68.329412,68.623529,68.596078,68.623529,68.580392,69.2,69.070588,69.062745,69.090196,69.980392,70.501961,70.168627,70.647059,70.670588,70.12549,69.235294,69.333333,70.631373,70.745098,70.933333,71.039216,71.560784,71.729412,71.623529,71.619608,71.682353,71.666667,71.803922,71.898039,71.898039,71.835294,71.811765,71.862745,71.909804,71.913725,71.878431,71.960784,71.964706,71.992157,71.980392,71.980392,71.976471,71.972549,71.976471,71.980392,71.937255,71.992157,71.980392,71.992157,71.996078,72,71.992157,71.988235,71.984314,71.984314,71.992157,71.996078,71.996078,72,72,71.996078,71.992157,71.968627,72,72,72,72,72,72,72,71.996078,72,71.996078,71.996078,71.996078,71.996078,72,72,72,71.996078,72,72,72,71.996078,72,72,72,71.968627,72,72,72,71.964706,71.992157,71.984314,71.992157,71.988235,71.988235,71.976471,71.992157,71.992157,71.996078,71.996078,72,71.996078,72,71.992157,71.937255,71.933333,71.984314,71.984314,72,72,72,72,71.996078,71.968627,71.886275,71.968627,71.941176,71.956863,71.913725,71.94902,71.984314,72,71.984314,71.984314,71.960784,71.94902,71.972549,71.984314,71.980392,71.972549,71.984314,71.956863,71.984314,71.960784,71.960784,71.960784,71.92549,71.87451,71.823529,71.8,71.701961,71.615686,71.662745,71.588235,71.517647,71.568627,71.266667,70.792157,70.498039,70.211765,69.835294,70.345098,70.670588,70.435294,71.223529,70.713725,70.752941,69.67451,70.082353,68.666667,68.980392,68.580392,68.945098,68.403922,66.870588
42.686275,46.615686,45.109804,50.568627,54.611765,53.870588,53.733333,57.627451,58.721569,60.180392,58.603922,58.670588,58.505882,58.2,59.196078,60.584314,61.14902,60.92549,62.52549,63.580392,62.364706,61.25098,64.866667,65.819608,65.54902,68.494118,69.517647,68.862745,68.188235,67.898039,69.168627,69.266667,69.678431,69.584314,69.764706,69.635294,70.552941,70.776471,70.964706,70.564706,69.321569,69.533333,70.192157,69.952941,71.254902,70.729412,71.545098,71.8,71.439216,71.588235,71.67451,71.760784,71.686275,71.831373,71.862745,71.945098,71.815686,71.823529,71.952941,71.980392,71.956863,71.929412,71.972549,71.988235,71.996078,71.960784,71.901961,71.964706,71.960784,71.972549,71.976471,71.976471,71.976471,72,72,72,72,71.996078,71.980392,71.996078,71.992157,71.996078,72,72,72,71.992157,71.996078,71.980392,71.992157,72,72,72,72,72,72,72,71.996078,72,72,72,72,72,72,72,71.996078,71.996078,71.992157,72,72,72,71.996078,71.996078,72,72,71.996078,71.968627,71.980392,71.984314,71.996078,71.996078,72,71.980392,72,72,71.984314,71.996078,72,71.992157,71.992157,71.988235,71.996078,71.94902,71.960784,71.968627,71.972549,71.980392,72,72,72,71.976471,71.960784,71.984314,71.952941,71.976471,71.929412,71.882353,71.909804,71.996078,72,72,72,71.984314,71.976471,71.956863,71.960784,71.952941,71.980392,71.941176,71.968627,71.988235,71.976471,71.992157,71.972549,71.972549,71.941176,71.823529,71.858824,71.854902,71.721569,71.576471,71.52549,71.631373,71.756863,70.827451,70.890196,70.462745,70.047059,70.039216,70.176471,70.478431,70.305882,71.317647,70.913725,70.870588,69.356863,70.168627,69.584314,68.505882,67.458824,68.862745,67.933333,66.662745
42.407843,48.098039,49.490196,52.360784,54.964706,53.490196,54.203922,57.027451,58.117647,58.670588,58.737255,59.333333,60.952941,60.713725,60.094118,60.831373,60.972549,59.482353,61.996078,62.317647,62.305882,64.427451,63.32549,65.909804,68.168627,69.211765,69.368627,68.34902,68.247059,66.866667,68.635294,68.32549,69.701961,69.211765,69.180392,69.682353,70.266667,69.898039,70.564706,69.670588,69.196078,68.992157,69.490196,70.160784,70.792157,71.098039,71.498039,71.67451,71.737255,71.756863,71.815686,71.690196,71.827451,71.92549,71.909804,71.909804,71.882353,71.94902,71.952941,71.913725,71.937255,71.941176,71.980392,71.988235,71.992157,71.952941,71.94902,71.956863,71.984314,71.996078,71.988235,72,71.996078,71.996078,71.996078,72,71.996078,71.996078,72,71.996078,71.996078,71.996078,72,72,72,72,71.996078,72,71.992157,71.996078,72,72,72,71.996078,72,71.992157,71.984314,72,71.996078,71.996078,72,72,72,71.996078,71.984314,71.996078,72,72,72,72,71.988235,71.996078,71.996078,72,72,72,71.992157,71.996078,71.996078,71.988235,71.992157,71.988235,72,72,71.984314,71.992157,71.996078,71.996078,71.996078,71.996078,71.984314,71.972549,71.921569,71.972549,71.972549,71.980392,71.992157,71.992157,72,71.996078,71.980392,71.988235,71.964706,71.988235,71.952941,71.960784,71.972549,71.996078,72,71.996078,71.996078,71.988235,71.968627,71.980392,71.992157,71.968627,71.972549,71.921569,71.956863,71.996078,71.992157,71.996078,71.945098,71.984314,71.980392,71.901961,71.964706,71.886275,71.729412,71.768627,71.745098,71.388235,71.435294,71.07451,70.870588,71.509804,71.062745,69.235294,69.262745,70.435294,70.360784,70.709804,70.564706,69.964706,68.784314,69.768627,68.603922,68.431373,67.639216,67.764706,68.152941,67.662745
44.109804,48.305882,49.07451,54.490196,56.470588,54.086275,54.211765,57.035294,56.756863,57.184314,59.117647,59.584314,59.239216,58.607843,59.976471,57.964706,58.921569,58.654902,61.780392,63.478431,63.894118,65.490196,65.32549,66.796078,68.047059,67.537255,68.313725,67.309804,67.819608,67.356863,68.517647,68.47451,69.584314,70.011765,68.545098,69.235294,70.772549,70.023529,69.207843,69.427451,68.980392,69.015686,69.560784,70.054902,70.933333,71.164706,71.160784,71.352941,71.772549,71.819608,71.752941,71.537255,71.713725,71.854902,71.886275,71.921569,71.933333,71.976471,71.945098,71.792157,71.839216,71.878431,71.980392,72,71.980392,71.933333,71.960784,71.984314,71.976471,71.992157,71.996078,71.992157,71.992157,71.996078,71.94902,71.968627,72,71.992157,72,72,72,72,71.996078,71.992157,72,72,72,71.964706,71.996078,71.992157,72,72,72,72,72,71.996078,71.996078,71.996078,71.988235,72,72,72,72,72,72,72,72,72,72,72,71.992157,71.980392,71.996078,72,72,72,72,72,72,71.988235,71.996078,72,71.996078,72,72,71.996078,71.992157,72,71.992157,71.996078,71.956863,71.984314,71.976471,71.984314,72,71.992157,71.984314,71.980392,71.964706,71.992157,71.992157,71.984314,71.980392,71.933333,71.964706,71.956863,71.984314,71.941176,71.988235,72,71.992157,72,71.996078,71.988235,71.972549,71.980392,71.984314,71.835294,71.956863,71.992157,71.988235,71.988235,71.968627,71.996078,71.980392,71.858824,71.815686,71.835294,71.752941,71.584314,71.843137,71.592157,71.498039,71.447059,71.137255,71.254902,71.235294,69.996078,69.462745,69.933333,69.772549,69.988235,70.317647,69.686275,68.466667,69.380392,67.929412,68.654902,68.643137,67.960784,67.780392,67.407843
45.164706,49.498039,50.964706,55.498039,55.717647,55.564706,57.282353,55.654902,58.243137,57.364706,58.709804,58.92549,58.796078,63.007843,60.662745,58.901961,60.333333,60.678431,60.113725,62.619608,63.011765,63.768627,64.552941,65.368627,66.121569,65.698039,67.878431,68.215686,67.956863,67.207843,69.090196,69.576471,69.682353,69.984314,70.003922,70.054902,69.611765,69.564706,69.788235,68.968627,70.019608,68.737255,69.396078,70.243137,70.937255,71.505882,71.584314,71.364706,71.635294,71.776471,71.772549,71.741176,71.65098,71.694118,71.835294,71.827451,71.8,71.894118,71.964706,71.843137,71.886275,71.956863,71.980392,71.972549,71.980392,71.968627,71.952941,71.956863,71.996078,72,71.996078,71.984314,71.988235,71.980392,71.980392,71.984314,71.988235,72,72,72,71.996078,71.992157,72,71.992157,72,72,71.996078,71.992157,71.980392,71.996078,72,72,72,72,72,71.996078,71.996078,71.996078,71.996078,72,72,71.972549,71.968627,72,72,72,72,72,72,71.996078,71.992157,71.976471,72,72,72,72,71.996078,71.996078,71.996078,72,71.992157,71.988235,71.992157,71.988235,72,71.992157,71.984314,72,72,71.968627,71.964706,71.960784,71.980392,71.992157,71.992157,71.996078,72,71.992157,71.992157,71.988235,71.968627,71.976471,71.952941,71.941176,71.972549,71.960784,71.933333,71.898039,71.94902,71.992157,72,72,71.996078,71.996078,71.984314,71.988235,71.968627,71.917647,71.980392,71.996078,71.984314,71.992157,71.972549,71.996078,71.992157,71.886275,71.745098,71.807843,71.611765,71.560784,71.607843,71.501961,71.270588,70.654902,70.909804,70.917647,70.713725,70.290196,69.807843,69.572549,68.972549,70.12549,70.517647,69.6,69.72549,69.070588,68.223529,68.635294,68.756863,67.615686,66.635294,66.341176
44.25098,46.215686,49.760784,54.364706,55.780392,55.156863,57.831373,56.403922,59.188235,58.109804,57.482353,58.835294,61.454902,61.156863,59.419608,60.435294,63.184314,63.705882,60.356863,62.968627,63.858824,62.945098,64.870588,65.807843,65.478431,66.054902,66.188235,65.72549,67.431373,67.556863,67.858824,68.772549,69.301961,69.023529,70.243137,69.019608,69.545098,69.596078,69.92549,69.188235,69.403922,69.815686,69.439216,70.917647,70.690196,71.235294,71.298039,70.827451,71.341176,71.733333,71.443137,71.560784,71.705882,71.858824,71.741176,71.898039,71.882353,71.941176,71.972549,71.819608,71.933333,71.980392,71.992157,72,72,71.980392,71.941176,71.964706,71.996078,72,71.996078,71.992157,71.992157,71.996078,71.996078,72,72,72,72,71.992157,71.984314,71.968627,71.968627,71.996078,72,72,72,71.984314,71.984314,71.996078,72,72,72,72,72,71.996078,71.996078,71.992157,72,72,71.996078,71.976471,71.905882,72,72,72,72,72,71.996078,71.980392,71.996078,72,72,72,72,72,72,72,72,72,72,71.988235,72,72,72,71.996078,72,72,71.992157,71.980392,71.960784,71.956863,71.996078,71.992157,72,72,72,71.996078,71.996078,71.964706,71.972549,71.937255,71.945098,71.952941,71.964706,71.960784,71.992157,71.960784,71.976471,71.980392,72,71.996078,72,71.996078,71.992157,71.956863,71.976471,71.952941,71.984314,71.972549,71.980392,71.980392,71.980392,71.972549,71.976471,71.929412,71.831373,71.776471,71.215686,71.388235,71.517647,71.313725,71.329412,70.921569,70.611765,70.486275,70.996078,70.47451,70.380392,69.737255,69.678431,70.380392,70.388235,70.305882,69.627451,68.462745,69.160784,67.894118,68.733333,65.988235,67.870588,65.72549
44.027451,45.043137,50.211765,52.666667,53.470588,53.207843,55.678431,57.160784,56.254902,59.176471,56.247059,61.643137,62.227451,60.47451,60.027451,60.380392,61.643137,62.847059,60.815686,63.917647,63.45098,63.666667,64.972549,64.819608,65.380392,66.937255,66.078431,67.505882,67.752941,67.505882,67.407843,67.537255,67.47451,69.556863,69.231373,69.062745,69.121569,68.231373,69.607843,69.007843,69.537255,70.070588,70.741176,70.286275,71.207843,71.254902,71.505882,71.086275,71.007843,71.682353,71.611765,71.321569,71.258824,71.611765,71.690196,71.764706,71.937255,71.929412,71.976471,71.831373,71.941176,71.976471,71.992157,71.992157,71.984314,71.968627,71.980392,71.996078,72,71.992157,71.988235,72,71.984314,71.992157,72,71.996078,72,72,72,71.988235,72,71.960784,71.94902,71.988235,71.976471,71.996078,71.992157,72,72,72,72,71.996078,72,72,72,72,71.992157,71.992157,71.984314,71.996078,72,71.996078,72,72,72,72,72,72,72,71.984314,71.996078,72,72,72,72,72,72,72,72,71.992157,72,72,71.992157,71.988235,71.996078,71.976471,71.984314,71.996078,71.996078,71.992157,71.988235,71.937255,71.996078,71.996078,72,72,71.996078,71.996078,71.984314,71.980392,71.945098,71.952941,71.980392,71.956863,71.968627,71.988235,71.960784,71.956863,71.960784,71.968627,72,72,72,71.988235,71.984314,71.968627,71.976471,71.996078,71.980392,71.952941,71.972549,71.956863,71.94902,71.952941,71.933333,71.811765,71.803922,71.8,71.654902,71.572549,71.376471,71.211765,71.4,71.392157,70.576471,70.435294,70.807843,70.780392,71.078431,70.396078,69.992157,70.184314,70.811765,70.423529,70.160784,68.545098,68.454902,68.262745,68.070588,66.380392,66.984314,64.580392
42.603922,43.996078,47.188235,52.576471,51.988235,56.015686,58.129412,57.890196,55.415686,59.376471,58.823529,59.752941,58.352941,57.643137,59.619608,61.109804,61,59.627451,62.380392,62.309804,64.047059,64.219608,65.278431,65.807843,66.682353,66.67451,66.988235,68.360784,67.231373,67.54902,68.756863,68.611765,69.05098,69.807843,68.984314,69.243137,70.015686,68.690196,69.058824,67.988235,68.619608,70.517647,70.545098,70.737255,71.282353,71.082353,71.313725,71.070588,71.431373,71.74902,71.654902,71.282353,71.254902,71.741176,71.819608,71.85098,71.866667,71.780392,71.882353,71.866667,71.815686,71.976471,71.968627,71.94902,71.984314,71.945098,71.976471,71.984314,72,71.976471,71.996078,71.980392,71.988235,71.992157,72,71.992157,72,72,72,72,71.976471,71.952941,71.992157,71.992157,71.996078,72,72,71.988235,71.996078,72,72,72,71.996078,71.992157,72,71.996078,72,72,71.996078,71.996078,72,72,72,72,72,72,72,71.996078,72,71.964706,71.988235,72,72,72,72,72,72,72,71.996078,71.996078,72,72,71.992157,71.996078,72,71.968627,71.972549,71.972549,71.960784,71.988235,71.992157,71.980392,71.992157,72,71.996078,71.992157,71.996078,72,71.968627,71.976471,71.917647,71.972549,71.956863,71.968627,71.984314,71.976471,71.984314,71.964706,71.976471,71.996078,72,71.984314,71.996078,71.988235,71.980392,71.980392,71.968627,71.996078,71.992157,71.94902,71.945098,71.929412,71.960784,71.976471,71.988235,71.909804,71.768627,71.52549,71.501961,71.513725,71.462745,70.92549,71.388235,71.070588,70.968627,70.439216,70.631373,70.243137,70.772549,70.188235,70.090196,70.717647,70.572549,70.494118,69.615686,68.419608,68.67451,68.45098,68.039216,66.039216,68.168627,66.952941
43.4,47.192157,47.121569,52.454902,54.184314,54.137255,56.364706,57.47451,57.701961,58.486275,59.698039,59.635294,57.254902,62.243137,59.152941,60.976471,60.588235,61.356863,63.007843,61.756863,62.729412,63.239216,64.870588,66.152941,67.466667,68.364706,68.329412,68.388235,68.533333,67.176471,68.486275,68.686275,68.835294,68.768627,69.52549,69.882353,69.062745,70.156863,69.152941,68.458824,69.160784,70.137255,70.8,71.086275,71.498039,71.337255,71.003922,71.058824,71.584314,71.639216,71.423529,71.192157,71.152941,71.831373,71.788235,71.894118,71.905882,71.878431,71.956863,71.929412,71.890196,71.945098,71.988235,71.980392,71.996078,71.996078,71.996078,71.988235,71.996078,71.984314,71.996078,71.972549,71.972549,71.988235,71.988235,71.988235,72,71.996078,72,71.992157,71.956863,71.988235,72,71.996078,72,72,71.992157,71.996078,71.996078,72,71.996078,72,71.996078,71.992157,72,72,71.996078,71.992157,72,72,72,72,72,72,72,71.992157,71.992157,71.941176,71.968627,71.984314,71.960784,71.988235,71.992157,72,72,72,72,72,72,71.996078,72,72,71.996078,72,71.980392,71.972549,71.941176,71.941176,71.972549,71.984314,71.988235,71.988235,71.980392,72,71.996078,72,71.992157,72,71.988235,71.964706,71.976471,71.988235,71.992157,71.972549,71.972549,71.937255,71.894118,71.94902,71.988235,71.996078,71.996078,71.988235,71.996078,71.996078,71.960784,71.952941,71.984314,71.988235,71.992157,71.972549,71.917647,71.894118,71.898039,71.909804,71.976471,71.905882,71.843137,71.8,71.745098,71.647059,71.486275,71.639216,71.070588,70.988235,70.788235,71.321569,70.501961,70.905882,70.784314,70.470588,70.105882,70.498039,70.447059,70.623529,69.811765,69.145098,68.184314,67.988235,65.866667,66.207843,66.964706,65.901961
45.513725,44.152941,46.545098,50.870588,52.870588,52.345098,55.258824,54.839216,58.392157,58.133333,58.584314,60.898039,59.513725,60.615686,59.666667,59.32549,60.290196,61.376471,61.278431,62.447059,62.556863,64.309804,65.243137,67.376471,67.466667,68.627451,67.611765,67.247059,66.807843,67.560784,67.294118,67.141176,67.945098,68.905882,68.945098,70.047059,69.419608,69.372549,68.92549,69.12549,69.129412,69.576471,71.039216,71.396078,71.392157,71.039216,70.87451,70.886275,71.509804,71.4,71.062745,71.121569,71.368627,71.74902,71.952941,71.956863,71.937255,71.807843,71.921569,71.960784,71.980392,71.980392,71.992157,71.996078,71.976471,71.976471,71.992157,71.984314,71.980392,71.996078,71.976471,71.964706,71.988235,71.984314,72,71.992157,72,72,72,71.996078,71.988235,71.968627,71.988235,72,72,71.996078,72,72,71.996078,71.996078,71.996078,71.996078,71.996078,71.988235,72,72,72,72,72,72,72,72,72,71.992157,72,71.996078,71.976471,71.945098,71.960784,71.996078,71.968627,71.968627,71.980392,72,72,72,72,72,72,71.996078,71.972549,71.996078,72,72,71.984314,71.909804,71.894118,71.988235,71.980392,71.988235,71.976471,72,71.996078,72,71.992157,71.992157,71.984314,71.996078,71.972549,71.968627,71.992157,71.956863,71.976471,71.960784,71.984314,71.968627,71.964706,71.933333,71.988235,71.964706,71.988235,71.992157,71.988235,71.992157,71.984314,71.984314,71.992157,71.972549,71.980392,71.901961,71.890196,71.827451,71.882353,71.890196,71.913725,71.960784,71.768627,71.866667,71.717647,71.643137,71.627451,71.145098,70.564706,70.458824,71.058824,70.996078,70.423529,70.666667,70.788235,70.309804,70.392157,70.403922,70.219608,69.478431,68.901961,68.968627,68.435294,66.803922,67.529412,65.717647,66.658824,66.07451
43.219608,44.439216,48.490196,50.145098,52.47451,55.360784,52.819608,54.094118,56.854902,58.113725,57.423529,56.835294,59.337255,59.313725,59.984314,60.305882,61.803922,62.631373,60.658824,64.745098,64.533333,65.913725,65.160784,65.435294,66.094118,67.356863,66.635294,66.560784,67.07451,66.286275,66.168627,67.403922,68.65098,69.180392,69.345098,69.737255,69.878431,70.184314,69.647059,69.905882,69.964706,70.756863,70.611765,70.823529,70.886275,71.4,71.078431,71.062745,71.086275,71.537255,71.580392,71.498039,71.564706,71.643137,71.878431,71.894118,71.952941,71.823529,71.843137,71.941176,71.960784,71.94902,72,71.984314,71.960784,71.972549,71.992157,71.976471,71.996078,71.996078,71.992157,71.988235,71.976471,71.984314,71.972549,72,72,72,72,71.996078,71.984314,71.972549,71.996078,72,72,72,72,71.996078,71.996078,72,72,71.996078,72,71.992157,71.992157,72,72,72,72,71.996078,72,71.992157,71.992157,72,72,71.996078,71.980392,71.972549,71.996078,71.988235,71.988235,71.960784,72,72,72,72,72,72,72,71.984314,71.984314,71.996078,72,71.996078,71.996078,71.960784,71.921569,71.956863,71.988235,71.992157,71.996078,72,71.996078,72,72,71.972549,71.980392,71.996078,71.984314,71.917647,71.960784,71.976471,71.992157,71.992157,71.996078,71.984314,71.94902,71.984314,71.976471,71.980392,71.988235,71.988235,71.976471,71.988235,71.992157,71.996078,71.980392,71.980392,71.960784,71.905882,71.831373,71.823529,71.796078,71.839216,71.937255,71.843137,71.745098,71.701961,71.556863,71.8,71.517647,71.509804,71.47451,70.858824,70.278431,70.32549,70.454902,69.984314,69.913725,70.235294,70.094118,70.505882,70.243137,69.321569,69.576471,67.219608,69.266667,66.996078,67.168627,66.94902,66.207843,66.290196
44.623529,43.156863,44.301961,47.937255,53.2,56.529412,56.082353,53.984314,57.423529,58.670588,56.407843,57.121569,58.419608,58.945098,60.129412,61.721569,62.462745,61.603922,61.776471,62.839216,64.87451,64.886275,64.611765,65.772549,66.784314,67.478431,68.207843,67.576471,68.25098,68.152941,68.192157,68.423529,69.164706,69.509804,69.078431,69.654902,69.34902,69.686275,69.572549,69.745098,70.192157,70.062745,70.4,70.662745,71.32549,71.592157,71.529412,70.960784,70.686275,70.87451,71.090196,71.145098,67.278431,70.392157,71.847059,71.866667,71.945098,71.890196,71.890196,71.792157,71.909804,71.921569,71.964706,71.996078,71.992157,71.996078,71.972549,71.984314,71.992157,71.996078,72,71.992157,71.996078,71.992157,72,71.996078,72,72,71.996078,71.988235,71.964706,71.984314,71.988235,71.992157,71.992157,71.992157,72,71.996078,72,71.996078,72,72,71.996078,72,71.996078,71.996078,72,72,72,71.996078,71.988235,72,72,71.988235,72,71.996078,71.992157,72,72,71.996078,71.968627,71.941176,71.996078,72,72,72,72,71.996078,72,71.988235,71.988235,71.996078,72,72,71.996078,71.996078,71.952941,71.996078,71.992157,71.992157,72,72,71.976471,71.992157,72,71.992157,71.996078,71.988235,71.964706,71.980392,71.972549,71.996078,71.984314,71.964706,71.937255,71.94902,71.917647,71.929412,71.972549,71.992157,71.976471,71.972549,71.976471,71.898039,71.980392,71.972549,71.960784,71.92549,71.890196,71.8,71.85098,71.858824,71.854902,71.768627,71.701961,71.74902,71.803922,71.713725,71.737255,71.611765,71.101961,71.34902,71.286275,70.517647,69.623529,69.988235,70.72549,70.54902,70.196078,70.831373,69.996078,69.52549,69.243137,69.847059,69.737255,69,69.039216,68.52549,67.933333,66.831373,66.886275,65.694118
42.803922,43.196078,47.184314,50.258824,51.882353,54.537255,57.078431,54,56.298039,56.121569,58.039216,59.945098,59.54902,61.113725,61.043137,61.541176,62.509804,61.231373,61.011765,62.92549,64.407843,64.984314,65.290196,67.501961,67.254902,68.031373,68.384314,68.835294,68.521569,69.003922,69.741176,68.745098,69.815686,69.815686,69.376471,69.541176,69.623529,69.729412,69.647059,68.87451,69.996078,70.329412,69.580392,70.015686,71.172549,71.431373,71.368627,71.298039,70.54902,71.14902,71.215686,71.254902,70.529412,71.592157,71.443137,71.890196,71.843137,71.796078,71.870588,71.87451,71.843137,71.984314,71.960784,71.980392,71.992157,71.996078,71.972549,71.980392,71.976471,72,71.992157,72,71.992157,71.996078,71.992157,71.996078,71.988235,71.992157,72,71.992157,72,71.996078,71.976471,71.980392,71.996078,71.992157,72,72,72,72,72,72,71.992157,72,71.984314,71.992157,71.996078,72,71.996078,71.996078,71.996078,71.996078,71.996078,72,72,71.996078,71.996078,71.992157,71.996078,71.996078,71.972549,71.976471,71.992157,71.980392,72,71.996078,71.988235,72,71.992157,71.988235,71.984314,71.996078,72,72,71.980392,71.996078,71.996078,71.996078,72,71.992157,71.996078,71.992157,71.992157,71.988235,71.992157,71.988235,72,71.992157,71.992157,71.952941,71.945098,71.964706,72,71.980392,71.952941,71.945098,71.890196,71.937255,71.952941,71.933333,71.956863,71.976471,71.878431,71.933333,71.976471,71.905882,71.890196,71.843137,71.827451,71.756863,71.772549,71.854902,71.862745,71.717647,71.796078,71.6,71.662745,71.698039,71.854902,71.666667,71.509804,71.321569,70.439216,70.145098,69.917647,70.266667,69.372549,70.380392,70.54902,69.92549,70.062745,69.235294,69.235294,69.627451,68.658824,68.760784,67.541176,67.411765,68.039216,67.109804,64.772549,65.945098
44.698039,43.564706,45.588235,48.290196,51.611765,56.992157,57.74902,55.156863,57.698039,56.909804,58.309804,57.992157,57.933333,59.235294,58.772549,61.894118,62.101961,61.596078,62.270588,63.062745,61.568627,65.058824,66.07451,67.443137,67.545098,67.262745,67.035294,68.443137,67.984314,67.529412,68.164706,68.690196,69.192157,68.466667,69.92549,69.258824,69.505882,69.756863,69.301961,69.72549,70.082353,69.866667,70.078431,70.45098,70.235294,71.380392,70.670588,70.811765,70.407843,70.776471,70.905882,71.670588,71.129412,71.639216,71.713725,71.784314,71.890196,71.807843,71.921569,71.87451,71.741176,71.87451,71.976471,71.984314,71.960784,71.941176,71.980392,71.980392,71.980392,71.996078,71.992157,72,71.984314,71.996078,71.996078,71.988235,71.984314,71.980392,71.988235,71.980392,71.988235,71.996078,71.992157,71.988235,71.992157,71.988235,72,71.988235,72,72,72,72,72,72,71.992157,71.980392,71.988235,71.996078,71.996078,71.996078,72,71.976471,71.996078,72,72,71.992157,71.992157,71.996078,72,71.992157,72,71.992157,71.996078,71.996078,72,72,72,71.992157,72,72,71.996078,71.992157,71.996078,72,71.992157,71.996078,71.992157,72,71.992157,72,71.996078,71.996078,71.988235,71.976471,71.984314,71.988235,72,72,71.980392,71.972549,71.988235,71.984314,71.976471,71.94902,71.878431,71.882353,71.913725,71.87451,71.921569,71.952941,71.964706,71.972549,71.8,71.901961,71.909804,71.976471,71.909804,71.807843,71.886275,71.901961,71.847059,71.901961,71.854902,71.839216,71.796078,71.505882,71.666667,71.654902,71.811765,71.792157,70.678431,70.94902,70.792157,70.564706,70.219608,69.992157,68.823529,69.815686,70.356863,70.137255,70.05098,68.282353,69.05098,68.972549,69.513725,68.615686,65.611765,67.168627,66.286275,67.784314,65.290196,65.023529
41.376471,41.12549,45,46.196078,52.6,54.843137,56.090196,55.74902,56.317647,56.847059,56.266667,55.486275,58.635294,58.678431,57.576471,61.039216,60.858824,60.803922,62.466667,60.564706,63.215686,64.964706,66.662745,65.521569,67.27451,67.823529,67.615686,69.517647,68.737255,68.870588,68.580392,68.568627,68.423529,68.403922,69.043137,68.862745,69.380392,69.086275,69.07451,69.768627,69.811765,69.866667,69.776471,69.729412,70.54902,70.984314,70.662745,70.937255,70.996078,71.498039,71.623529,71.588235,71.513725,71.6,71.615686,71.87451,71.882353,71.890196,71.917647,71.960784,71.854902,71.929412,71.984314,71.992157,71.980392,71.988235,71.992157,71.972549,71.956863,71.976471,72,71.992157,71.976471,71.984314,71.984314,71.992157,71.996078,71.988235,71.996078,72,71.984314,71.996078,72,72,71.988235,71.992157,71.996078,72,71.996078,71.992157,72,71.996078,72,72,71.992157,71.968627,71.996078,71.992157,72,72,72,71.992157,72,71.980392,71.980392,71.996078,72,72,72,72,72,72,72,72,72,71.996078,72,72,71.996078,72,72,71.996078,72,71.996078,72,72,72,71.996078,71.996078,72,71.992157,71.992157,71.988235,71.964706,71.964706,71.988235,72,72,71.980392,71.960784,71.960784,71.972549,71.972549,71.968627,71.87451,71.878431,71.945098,71.964706,71.988235,71.972549,71.964706,72,71.964706,71.843137,71.85098,71.980392,71.921569,71.909804,71.941176,71.894118,71.929412,71.960784,71.909804,71.901961,71.866667,71.517647,71.564706,71.623529,71.772549,71.592157,70.478431,71.003922,70.188235,70.156863,70.329412,70,69.466667,70.043137,70.733333,70.039216,69.427451,67.788235,69.364706,69.007843,68.27451,67.921569,66.870588,67.6,66.478431,67.843137,65.827451,66.917647
41.803922,42.439216,43.470588,48.454902,54.054902,55.611765,55,56.87451,57.239216,55.105882,55.588235,56.066667,55.937255,57.776471,59.721569,61.054902,61.301961,61.776471,62.282353,63.588235,64.388235,64.929412,65.462745,65.462745,67.454902,67.517647,68.309804,68.086275,67.647059,68.541176,68.866667,67.870588,68.639216,68.92549,69.2,68.807843,70.505882,70.035294,69.066667,69.780392,69.047059,70.145098,70.427451,70.035294,69.905882,70.407843,70.764706,71.172549,71,71.568627,71.431373,71.211765,71.556863,71.803922,71.792157,71.807843,71.780392,71.941176,71.898039,71.968627,71.960784,71.913725,71.992157,71.933333,71.941176,71.984314,71.980392,71.980392,71.988235,71.992157,71.984314,71.933333,71.972549,71.992157,71.992157,71.992157,72,72,72,72,71.988235,71.996078,71.992157,71.988235,71.980392,71.996078,72,71.992157,71.988235,71.996078,72,72,71.996078,71.992157,71.996078,71.996078,72,72,72,71.976471,72,71.972549,71.980392,72,71.992157,72,72,72,71.996078,71.996078,71.992157,72,72,72,72,71.992157,72,71.992157,72,72,71.984314,71.996078,71.988235,71.992157,72,72,72,71.988235,71.992157,71.992157,71.996078,72,71.996078,71.956863,71.956863,71.972549,71.996078,71.960784,71.984314,71.972549,71.992157,71.976471,71.968627,71.945098,71.941176,71.94902,71.972549,71.937255,71.94902,71.976471,71.929412,71.945098,71.972549,71.968627,71.933333,71.956863,71.945098,71.945098,71.933333,71.945098,71.92549,71.941176,71.803922,71.815686,71.776471,71.694118,71.819608,71.901961,71.780392,71.576471,71.611765,70.909804,70.384314,70.207843,70.168627,69.917647,69.541176,70.360784,70.462745,70.043137,69.741176,68.611765,68.282353,68.392157,68.180392,68.031373,66.964706,67.537255,66.988235,66.211765,66.203922,65.643137
39.996078,40.913725,47.960784,46.490196,49.572549,55.129412,54.627451,55.968627,56.321569,55.372549,55.352941,54.580392,56.54902,58.945098,60.458824,60.184314,61.388235,61.698039,61.709804,62.552941,64.752941,63.741176,65.737255,66.870588,67.662745,66.886275,69.054902,68.835294,67.482353,67.839216,68.133333,68.65098,68.435294,69.023529,69.415686,69.74902,70.176471,69.6,69.854902,70.290196,69.129412,70.545098,70.160784,70.133333,69.94902,70.105882,70.239216,71.117647,71.47451,71.384314,71.078431,71.67451,71.858824,71.776471,71.784314,71.835294,71.823529,71.937255,71.929412,71.972549,71.952941,71.996078,71.960784,71.933333,71.972549,72,71.992157,71.992157,71.996078,71.992157,71.960784,71.941176,71.909804,71.956863,71.992157,71.992157,71.996078,72,71.996078,72,72,71.984314,71.980392,71.988235,72,71.996078,71.988235,72,72,72,72,72,71.992157,71.972549,71.996078,71.976471,71.996078,72,72,72,71.980392,71.968627,72,72,72,72,72,72,72,72,71.988235,72,72,71.992157,71.992157,72,72,72,72,72,72,71.996078,71.992157,71.992157,72,72,72,71.984314,71.968627,71.996078,71.992157,72,71.984314,71.960784,71.960784,71.988235,71.980392,71.972549,71.992157,71.964706,71.980392,71.968627,71.937255,71.878431,71.960784,71.980392,71.992157,71.972549,71.952941,71.976471,71.980392,71.984314,71.956863,71.941176,71.984314,71.988235,71.937255,71.956863,71.956863,71.937255,71.929412,71.901961,71.811765,71.788235,71.858824,71.835294,71.858824,71.886275,71.870588,71.717647,71.529412,70.917647,69.560784,70.945098,70.67451,70.372549,69.788235,69.929412,69.882353,69.882353,70.462745,69.843137,68.462745,68.254902,68.94902,68.8,67.34902,66.321569,66.211765,64.309804,66.243137,65.286275
40.811765,40.988235,44.811765,45.070588,48.682353,51.976471,54.188235,54.407843,55.372549,56.419608,56.090196,58.380392,59.011765,57.121569,60.282353,59.317647,60.4,60.913725,60.388235,61.039216,63.52549,63.521569,64.772549,66.023529,66.917647,65.419608,67.682353,68.619608,66.490196,67.454902,68.588235,68.533333,68.192157,68.694118,69.596078,69.443137,69.592157,70.215686,70.109804,69.313725,69.411765,70.831373,70.54902,69.929412,69.929412,70.117647,70.537255,71.196078,71.588235,71.521569,71.466667,71.564706,71.513725,71.839216,71.596078,71.647059,71.772549,71.784314,71.929412,71.968627,71.984314,71.984314,71.968627,71.905882,71.94902,71.972549,71.988235,71.992157,71.996078,71.984314,71.968627,71.952941,71.972549,71.980392,71.992157,72,71.992157,72,71.996078,72,71.996078,71.984314,71.996078,71.992157,72,71.992157,71.996078,71.941176,71.992157,71.996078,71.976471,71.968627,71.972549,71.968627,71.988235,71.972549,71.980392,71.996078,71.996078,71.992157,71.992157,72,72,71.992157,72,72,72,72,72,72,71.988235,71.992157,72,72,72,71.996078,71.992157,72,71.992157,72,71.996078,71.964706,71.968627,72,72,72,72,72,71.988235,72,72,71.996078,71.996078,71.972549,71.945098,71.976471,71.984314,71.980392,71.945098,71.94902,71.976471,71.964706,71.945098,71.941176,71.945098,71.956863,71.988235,71.992157,71.992157,71.941176,71.972549,71.976471,71.960784,71.992157,71.929412,71.956863,71.980392,71.984314,71.964706,71.972549,71.988235,71.956863,71.831373,71.827451,71.819608,71.686275,71.890196,71.901961,71.870588,71.780392,71.32549,70.992157,70.415686,71.07451,70.733333,70.360784,69.341176,69.435294,69.85098,70.376471,70.380392,70.521569,68.564706,68.262745,67.556863,67.070588,67.470588,66.592157,65.839216,66.019608,64.572549,63.92549
38.992157,43.070588,45.85098,44.945098,46.458824,51.784314,55.415686,57.541176,53.819608,57.717647,57.784314,58.262745,57.913725,61.27451,58.466667,58.184314,60.270588,61.501961,62.478431,62.541176,63.933333,62.615686,63.470588,65.992157,66.964706,67.32549,66.596078,67.980392,67.988235,67.654902,68.54902,68.298039,69.482353,68.690196,69.411765,69.658824,70.039216,69,70.317647,69.392157,69.215686,69.34902,69.768627,70.27451,70.882353,70.623529,70.709804,71.337255,71.670588,71.423529,71.062745,71.227451,71.658824,71.87451,71.686275,71.654902,71.803922,71.913725,71.886275,71.823529,71.882353,71.913725,71.898039,71.901961,71.937255,71.964706,71.988235,71.984314,71.992157,71.996078,71.984314,71.933333,71.984314,71.996078,71.980392,71.996078,71.996078,71.996078,71.972549,71.992157,71.996078,71.996078,71.996078,71.992157,72,72,72,71.992157,71.960784,71.984314,71.968627,71.980392,71.945098,71.858824,71.937255,71.976471,71.996078,72,71.996078,71.996078,72,72,72,71.996078,72,72,72,72,71.988235,71.992157,71.996078,71.992157,71.992157,72,72,71.980392,71.992157,71.996078,72,72,71.996078,71.980392,72,72,72,72,72,71.996078,71.980392,71.984314,71.992157,71.976471,71.996078,71.94902,71.913725,71.984314,71.988235,71.94902,71.960784,71.964706,71.996078,71.976471,71.972549,71.894118,71.964706,71.956863,71.988235,71.988235,71.996078,71.964706,71.988235,71.976471,71.976471,71.968627,71.894118,71.964706,71.94902,71.968627,71.968627,71.976471,71.972549,71.964706,71.85098,71.878431,71.843137,71.258824,71.737255,71.737255,71.835294,71.686275,71.376471,70.815686,71.117647,70.866667,71.12549,70.282353,70.298039,69.780392,69.756863,70.141176,70.176471,70.023529,69.027451,67.760784,68.337255,68.14902,67.635294,65.996078,65.556863,66.341176,66.160784,64.815686
43.392157,43.615686,46.647059,45.341176,46.070588,52.933333,56.529412,55.52549,57.141176,56.482353,57.580392,58.615686,56.772549,59.184314,59.101961,59.643137,60.690196,59.792157,59.819608,60.584314,63.305882,63.670588,64.627451,64.596078,66.972549,68.047059,69.298039,68.145098,68.764706,68.917647,69.478431,69.541176,69.929412,68.94902,69.784314,70.007843,69.921569,70.258824,69.619608,70.345098,69.470588,69.223529,70.815686,70.627451,70.145098,69.878431,70.094118,71.14902,71.780392,71.545098,71.521569,71.192157,71.678431,71.662745,71.584314,71.509804,71.721569,71.917647,71.956863,71.870588,71.839216,71.788235,71.866667,71.827451,71.929412,71.956863,71.960784,71.968627,71.992157,71.996078,71.996078,71.996078,71.988235,71.976471,71.980392,71.992157,72,71.992157,71.996078,71.996078,71.992157,71.984314,71.992157,71.992157,72,72,72,72,71.988235,71.984314,71.960784,71.972549,71.92549,71.894118,71.964706,71.952941,71.980392,71.988235,71.996078,71.992157,72,72,71.996078,71.996078,72,72,72,72,71.992157,72,72,71.996078,71.992157,71.992157,71.972549,71.992157,71.996078,71.996078,72,72,71.964706,71.972549,71.960784,72,72,72,71.980392,71.976471,71.980392,72,71.937255,71.984314,71.972549,71.972549,71.882353,71.976471,71.94902,71.980392,71.94902,71.941176,71.968627,71.984314,71.968627,71.956863,71.964706,71.996078,71.988235,71.992157,72,71.992157,71.972549,72,71.988235,71.968627,71.835294,71.929412,71.976471,71.968627,71.996078,71.988235,71.988235,71.952941,71.894118,71.776471,71.670588,71.498039,71.364706,71.74902,71.603922,71.494118,71.478431,71.14902,70.764706,70.109804,70.305882,70.321569,70.423529,69.619608,69.87451,70.580392,69.866667,69.372549,68.258824,68.580392,69.309804,69.023529,68.639216,68.027451,66.372549,65.603922,65.388235,64.705882
43.282353,46.666667,49.764706,47.086275,47.168627,51.521569,54.796078,54.580392,56.443137,57.768627,58.156863,57.658824,58.705882,58.831373,59.866667,61.803922,61.215686,60.501961,60.733333,60.584314,64.32549,63.12549,64.215686,63.882353,66.227451,67.454902,68.941176,69.796078,69.015686,70.109804,70.180392,69.505882,70.105882,69.043137,70.007843,69.572549,69.462745,69.470588,68.964706,69.67451,69.623529,70.792157,70.521569,70.756863,70.086275,69.803922,69.568627,70.788235,71.062745,71.360784,71.392157,71.462745,71.627451,71.588235,71.356863,71.721569,71.803922,71.827451,71.878431,71.890196,71.843137,71.878431,71.866667,71.839216,71.886275,71.968627,71.968627,71.992157,72,71.996078,72,71.996078,71.980392,71.988235,71.976471,71.992157,72,71.972549,71.992157,72,71.988235,71.984314,71.992157,72,72,71.996078,71.996078,71.992157,71.988235,72,71.964706,71.980392,71.964706,71.933333,71.964706,71.980392,71.972549,71.992157,71.976471,71.988235,71.996078,72,71.992157,71.996078,72,72,72,72,72,72,72,72,71.992157,71.984314,71.996078,72,72,72,72,72,71.952941,71.905882,71.980392,71.996078,71.992157,71.992157,71.960784,71.984314,71.988235,71.94902,71.976471,71.968627,71.984314,71.94902,71.964706,71.984314,71.976471,71.972549,71.917647,71.964706,71.980392,71.980392,71.984314,71.929412,71.972549,71.992157,72,72,71.996078,71.996078,71.972549,71.984314,71.992157,71.929412,71.882353,71.952941,71.984314,71.980392,71.964706,71.976471,71.960784,71.92549,71.862745,71.643137,71.521569,71.160784,71.454902,71.556863,71.454902,71.278431,70.368627,69.917647,70.615686,70.196078,70.717647,70.603922,70.05098,70.215686,70.545098,70.454902,69.905882,68.690196,67.223529,68.564706,68.909804,68.643137,68.701961,68.062745,65.811765,66.4,66.215686,64.192157
42.482353,45.882353,44.509804,44.94902,48.105882,53.058824,55.470588,55.556863,55.960784,56.85098,57.921569,56.152941,57.203922,58.709804,58.67451,58.572549,60.258824,58.756863,61.262745,62.478431,63.341176,62.211765,64.054902,63.639216,64.913725,67.47451,69.54902,69.533333,68.74902,68.843137,70.003922,69.529412,69.945098,69.894118,68.87451,69.607843,70.32549,69.376471,69.313725,69.188235,68.662745,69.627451,69.898039,70.847059,70.298039,70.145098,70.690196,70.878431,71.235294,71.270588,71.537255,71.443137,71.509804,71.309804,71.717647,71.745098,71.807843,71.882353,71.921569,71.92549,71.94902,71.847059,71.886275,71.886275,71.917647,71.956863,71.941176,71.996078,72,71.992157,72,72,71.996078,71.988235,72,71.976471,71.984314,71.992157,71.984314,72,71.992157,71.988235,71.996078,71.996078,72,71.988235,71.988235,71.992157,71.980392,71.976471,72,71.992157,72,71.937255,71.94902,71.980392,71.960784,71.992157,71.964706,71.992157,72,72,71.988235,71.996078,71.992157,71.988235,72,71.996078,71.996078,72,71.996078,72,71.980392,71.968627,71.988235,72,71.992157,72,72,71.992157,71.882353,71.741176,71.933333,71.996078,71.980392,71.976471,71.960784,71.992157,71.988235,71.858824,71.913725,71.952941,71.960784,71.94902,71.960784,71.945098,71.972549,71.968627,71.960784,71.917647,71.92549,71.984314,71.976471,71.972549,71.94902,71.972549,71.996078,72,71.992157,72,71.996078,72,71.976471,71.913725,71.756863,71.854902,71.92549,71.886275,71.937255,71.917647,71.972549,71.847059,71.843137,71.290196,71.537255,71.85098,71.67451,71.572549,71.239216,71.282353,70.952941,70.462745,70.698039,70.603922,69.772549,70,69.92549,70.223529,70.556863,70.87451,69.8,68.929412,68.717647,67.498039,68.470588,69.505882,68.352941,67.082353,67.121569,66.87451,66.376471,63.717647
41.803922,45.098039,41.262745,43.882353,47.380392,48.317647,52.556863,54.984314,56.760784,55.796078,56.658824,56.752941,56.788235,58.980392,59.239216,59.556863,57.745098,58.972549,60.615686,62.745098,63.443137,62.980392,63.203922,65.529412,64.945098,67.345098,67.823529,68.627451,68.862745,69.211765,68.690196,67.94902,67.709804,68.898039,68.568627,68.784314,70.047059,69.529412,69.086275,69.117647,69.047059,68.890196,69.427451,69.788235,70.639216,69.823529,70.031373,70.870588,71.352941,71.098039,71.596078,71.45098,71.533333,71.592157,71.6,71.643137,71.870588,71.917647,71.945098,71.960784,71.941176,71.898039,71.811765,71.870588,71.819608,71.945098,71.988235,71.996078,72,71.988235,71.992157,72,71.992157,71.984314,71.996078,71.996078,71.996078,71.964706,71.984314,71.984314,71.976471,71.980392,71.972549,71.996078,72,72,71.996078,71.988235,71.972549,71.952941,71.984314,72,71.929412,71.92549,71.717647,71.294118,71.984314,71.996078,71.980392,71.996078,71.996078,71.996078,72,71.988235,71.992157,71.996078,72,71.992157,71.992157,72,71.996078,71.992157,71.992157,71.933333,71.921569,72,71.996078,72,71.996078,71.988235,71.956863,71.831373,71.941176,71.964706,71.941176,71.941176,71.952941,71.917647,71.952941,71.858824,71.952941,71.92549,71.972549,71.960784,71.894118,71.952941,71.976471,71.976471,71.980392,71.913725,71.956863,71.964706,71.972549,71.980392,71.980392,71.952941,71.988235,72,71.988235,71.992157,71.960784,71.94902,71.890196,71.760784,71.74902,71.886275,71.937255,71.929412,71.870588,71.839216,71.796078,71.866667,71.815686,71.596078,71.298039,71.560784,71.537255,71.32549,71.015686,70.898039,70.823529,70.996078,69.803922,69.552941,69.223529,69.898039,69.364706,70.121569,70.313725,70.752941,70.384314,68.52549,68.458824,69.215686,69.603922,68.203922,68.305882,66.784314,66.882353,65.529412,65.623529,64.662745
41.545098,42.501961,43.101961,46.917647,44.2,48.031373,53.4,54.568627,55.039216,56.8,58.513725,57.172549,58.588235,57.466667,59.058824,58.564706,59.552941,58.615686,60.972549,60.219608,61.270588,63.960784,65.462745,64.980392,65.905882,66.615686,66.627451,68.023529,68.317647,69.243137,68.541176,69.047059,69.741176,69.003922,68.203922,68.239216,68.803922,69.956863,69.482353,70.066667,69.564706,68.733333,69.741176,69.709804,70.811765,70.831373,70.290196,70.607843,70.231373,70.87451,71.215686,71.337255,71.219608,71.678431,71.607843,71.776471,71.858824,71.870588,71.917647,71.933333,71.85098,71.894118,71.87451,71.854902,71.890196,71.941176,71.972549,71.992157,71.988235,71.988235,71.996078,71.992157,72,71.992157,71.976471,71.929412,71.937255,71.905882,71.980392,71.992157,71.988235,71.996078,71.992157,71.992157,71.996078,72,71.996078,71.992157,71.984314,71.992157,71.980392,71.988235,71.988235,71.945098,71.8,71.721569,71.964706,71.984314,71.996078,71.996078,71.980392,71.996078,71.964706,72,71.992157,71.980392,71.992157,71.976471,71.988235,71.992157,72,71.988235,71.968627,71.886275,71.882353,71.956863,72,72,72,71.913725,71.882353,71.898039,71.905882,71.976471,71.878431,71.94902,71.952941,71.988235,71.913725,71.917647,71.92549,71.929412,71.952941,71.960784,71.956863,71.94902,71.984314,71.988235,71.984314,71.929412,71.933333,71.898039,71.952941,71.984314,71.964706,71.960784,71.972549,71.980392,71.976471,71.980392,71.941176,71.937255,71.941176,71.839216,71.827451,71.92549,71.901961,71.909804,71.858824,71.929412,71.796078,71.745098,71.65098,71.65098,71.392157,71.658824,71.631373,71.662745,71.466667,71.109804,70.682353,70.905882,70.588235,70.137255,69.521569,69.737255,68.360784,70.101961,70.643137,70.580392,69.952941,69.278431,67.380392,68.686275,69.2,69.32549,67.721569,66.6,67.239216,63.843137,64.584314,63.980392
41.54902,41.823529,43.890196,45.25098,46.152941,47.658824,52.403922,53.6,56.635294,55.968627,59.168627,57.058824,56.945098,56.937255,59.537255,59.129412,59.666667,60.247059,62.968627,61.694118,61.458824,65.564706,64.207843,63.8,65.827451,65.47451,66.670588,67.560784,69.286275,69.290196,69.356863,69.65098,69.196078,69.14902,69.105882,67.796078,69.482353,68.956863,70.180392,70.317647,69.517647,69.909804,69.309804,70.062745,70.533333,70.858824,70.035294,69.709804,70.105882,70.419608,70.690196,71.309804,71.411765,71.717647,71.647059,71.713725,71.427451,71.654902,71.94902,71.976471,71.898039,71.901961,71.882353,71.913725,71.945098,71.937255,71.956863,71.972549,71.980392,71.976471,71.964706,71.996078,71.996078,71.988235,71.980392,71.956863,71.960784,71.964706,71.996078,72,71.992157,72,72,72,71.996078,72,71.996078,71.996078,72,71.980392,71.992157,71.992157,71.968627,71.905882,71.984314,71.980392,71.988235,71.992157,71.984314,72,71.992157,71.988235,71.992157,72,72,72,72,71.976471,71.984314,71.992157,71.968627,71.972549,71.890196,71.968627,71.913725,71.980392,71.972549,71.94902,71.964706,71.92549,71.898039,71.984314,71.968627,71.984314,71.917647,71.92549,71.890196,71.905882,71.886275,71.976471,71.960784,71.933333,71.988235,71.945098,71.917647,71.921569,71.988235,71.988235,71.976471,71.886275,71.933333,71.913725,71.94902,71.976471,71.996078,71.964706,71.909804,71.945098,71.933333,71.964706,71.964706,71.980392,71.878431,71.92549,71.890196,71.784314,71.956863,71.960784,71.854902,71.827451,71.792157,71.388235,71.517647,71.588235,71.258824,71.603922,71.603922,71.333333,71.121569,70.2,70.854902,71.117647,70.062745,70.282353,69.25098,68.898039,68.976471,70.580392,70.294118,70.623529,70.145098,69.090196,68.364706,67.839216,67.086275,67.678431,66.827451,66.623529,65.258824,65.203922,66.035294,63.631373
37.94902,42.615686,46.6,43.870588,46.721569,49.427451,49.588235,54.309804,56.203922,54.360784,56.972549,55.811765,55.301961,58.709804,59.439216,57.788235,59.266667,60.858824,61.647059,60.203922,60.807843,63.403922,63.678431,64.14902,65.309804,65.913725,65.886275,67.654902,68.709804,68.839216,68.384314,69.207843,68.701961,69.392157,68.819608,68.607843,69.2,68.501961,69.858824,70.007843,70.215686,70.231373,70.278431,69.870588,69.760784,70.603922,69.54902,69.619608,70.576471,70.678431,71.098039,71.427451,71.478431,71.647059,71.819608,71.701961,71.513725,71.831373,71.956863,71.937255,71.913725,71.921569,71.898039,71.913725,71.890196,71.94902,71.905882,71.847059,71.901961,71.933333,71.968627,72,71.996078,71.996078,71.980392,71.952941,71.92549,71.960784,71.984314,71.980392,71.992157,72,72,71.992157,72,71.992157,71.996078,71.992157,71.988235,71.984314,72,71.980392,71.996078,71.992157,71.976471,71.972549,72,71.976471,71.94902,72,71.996078,71.968627,71.984314,71.976471,71.988235,72,71.992157,71.992157,71.984314,72,71.921569,71.968627,71.952941,71.94902,71.858824,71.941176,71.933333,71.984314,71.92549,71.933333,71.894118,71.972549,71.952941,71.992157,71.992157,71.980392,71.94902,71.878431,71.835294,71.976471,71.886275,71.909804,71.976471,71.992157,71.945098,71.937255,71.929412,71.917647,71.988235,72,71.960784,71.960784,71.980392,71.976471,71.984314,71.972549,71.905882,71.909804,71.921569,71.956863,71.972549,71.941176,71.945098,71.807843,71.8,71.74902,71.823529,71.933333,71.882353,71.882353,71.560784,71.796078,71.792157,71.482353,71.690196,71.701961,71.372549,71.011765,71.137255,70.431373,70.737255,70.729412,70.133333,70.384314,69.043137,68.933333,69.898039,70.376471,70.843137,70.647059,70.184314,68.8,68.701961,68.333333,68.27451,66.572549,66.717647,66.290196,66.270588,64.607843,64.572549,65.007843
39.188235,42.486275,42.933333,43.470588,45.886275,48.403922,50.615686,55.741176,54.933333,51.847059,56.235294,53.713725,57.443137,58.584314,60.176471,59.078431,60.137255,60.890196,60.564706,61.14902,61.647059,60.811765,63.266667,63.886275,64.541176,63.243137,67.811765,68.239216,68.423529,69.713725,69.745098,69.92549,69.062745,69.647059,70.019608,68.305882,68.52549,69.670588,69.360784,69.580392,69.701961,69.917647,70.454902,69.682353,70.058824,70.411765,70.541176,70.662745,71.164706,70.980392,71.364706,71.231373,71.619608,71.611765,71.737255,71.490196,71.568627,71.847059,71.921569,71.941176,71.952941,71.933333,71.945098,71.92549,71.909804,71.905882,71.898039,71.831373,71.87451,71.898039,71.956863,71.988235,72,72,71.992157,71.984314,71.988235,71.937255,71.980392,71.988235,71.996078,71.996078,72,72,72,72,72,71.992157,71.996078,71.996078,72,71.992157,71.941176,71.980392,71.996078,71.996078,71.941176,72,71.996078,71.996078,71.988235,71.992157,71.972549,71.956863,71.996078,71.996078,71.968627,71.960784,71.968627,71.988235,71.980392,71.913725,71.87451,71.890196,71.952941,71.921569,71.894118,71.776471,71.878431,71.831373,71.933333,71.972549,71.976471,71.952941,71.984314,71.988235,71.976471,71.898039,71.866667,71.823529,71.803922,71.937255,71.976471,71.980392,71.988235,71.94902,71.866667,71.941176,71.968627,71.976471,71.94902,71.988235,71.956863,71.976471,71.992157,71.972549,71.956863,71.909804,71.94902,71.952941,71.866667,71.941176,71.933333,71.94902,71.905882,71.878431,71.835294,71.878431,71.760784,71.682353,71.396078,71.764706,71.784314,71.631373,71.529412,71.513725,71.345098,71.352941,71.043137,71.07451,70.709804,70.090196,69.686275,69.396078,68.729412,69.066667,69.258824,69.368627,70,70.313725,68.466667,68.235294,68.12549,67.686275,68.466667,68,68.015686,66.658824,65.780392,64.937255,63.952941,65.247059
36.94902,41.109804,42.462745,41.760784,45.556863,47.101961,49.8,52.211765,52.482353,54.298039,56.764706,56.301961,58.14902,58.705882,57.290196,57.886275,60.066667,58.596078,61.305882,60.588235,62.317647,62.388235,63.341176,62.964706,63.521569,63.717647,65.078431,68.172549,68.952941,69.047059,69.878431,69.811765,69.145098,68.741176,68.905882,68.74902,69.301961,69.443137,69.027451,69.05098,69.694118,69.843137,70.243137,69.854902,70.007843,70.258824,70.615686,71.321569,71.164706,70.933333,71.137255,71.513725,71.8,71.67451,71.576471,71.403922,71.447059,71.756863,71.890196,71.756863,71.898039,71.980392,71.972549,71.956863,71.964706,71.972549,71.831373,71.745098,71.894118,71.945098,71.968627,71.984314,71.992157,72,71.988235,71.992157,71.984314,71.972549,71.980392,71.992157,71.992157,72,72,72,71.996078,71.992157,71.988235,71.976471,71.964706,72,71.996078,71.988235,71.984314,71.992157,71.996078,71.984314,71.988235,71.964706,71.988235,71.996078,71.992157,71.921569,71.984314,71.972549,71.92549,71.921569,71.992157,71.976471,71.952941,71.890196,71.952941,71.952941,71.945098,71.921569,71.811765,71.929412,71.917647,71.933333,71.792157,71.776471,71.917647,71.980392,71.956863,71.972549,71.917647,71.964706,71.964706,71.933333,71.843137,71.937255,71.827451,71.941176,71.984314,71.968627,71.964706,71.933333,71.984314,71.980392,71.984314,71.94902,71.960784,71.976471,72,71.988235,71.992157,71.984314,71.945098,71.945098,71.913725,71.960784,71.952941,71.941176,71.972549,71.964706,71.913725,71.792157,71.917647,71.796078,71.858824,71.686275,71.694118,71.854902,71.541176,71.733333,71.513725,71.003922,71.247059,71.070588,71.188235,71.043137,70.607843,69.823529,68.54902,68.627451,68.34902,68.486275,70.247059,70.121569,70.121569,68.780392,68.211765,69.07451,67.054902,67.584314,68.066667,68.098039,66.686275,66.235294,65.803922,65.564706,64.509804,65.792157
38.172549,38.729412,41.619608,41.419608,43.737255,44.286275,48.866667,52.360784,54.709804,54.243137,57.760784,56.239216,56.396078,59.25098,57.8,58.145098,59.984314,61.207843,61.098039,60.188235,61.031373,62.756863,64.513725,61.811765,63.2,64.745098,64.67451,66.639216,67.219608,67.407843,68.113725,68.066667,68.670588,67.8,68.980392,68.839216,69.701961,69.745098,70.031373,69.92549,70.423529,70.027451,70.721569,70.388235,70.627451,70.141176,70.556863,71.14902,70.415686,70.92549,71.254902,71.572549,71.709804,71.694118,71.827451,71.388235,71.443137,71.505882,71.768627,71.847059,71.909804,71.94902,71.94902,71.968627,71.941176,71.972549,71.831373,71.901961,71.964706,71.972549,71.988235,71.988235,71.996078,71.996078,71.984314,71.988235,71.980392,71.980392,71.972549,71.984314,72,72,72,72,71.996078,71.992157,71.992157,71.996078,71.976471,71.996078,71.992157,71.968627,71.984314,71.996078,71.996078,71.988235,71.988235,71.933333,71.952941,71.980392,71.984314,71.972549,71.941176,71.929412,71.933333,71.945098,71.862745,71.933333,71.901961,71.870588,71.980392,71.929412,71.815686,71.945098,71.917647,71.976471,71.968627,71.960784,71.901961,71.933333,71.964706,71.980392,71.988235,71.956863,71.968627,71.996078,71.980392,71.894118,71.941176,71.85098,71.807843,71.94902,71.952941,71.984314,71.992157,71.964706,71.968627,71.988235,71.988235,71.988235,71.976471,71.988235,71.992157,71.996078,72,71.976471,71.929412,71.941176,71.913725,71.952941,71.94902,71.960784,71.992157,71.984314,71.964706,71.92549,71.894118,71.87451,71.866667,71.92549,71.768627,71.690196,71.698039,71.705882,71.415686,70.945098,70.792157,71.207843,71.356863,71.258824,70.843137,70.113725,69.352941,68.396078,68.933333,69.741176,70.431373,69.964706,69.141176,68.898039,68.576471,69.152941,67.156863,68.65098,67.090196,66.74902,65.164706,66.972549,64.396078,64.52549,65.415686,63.984314
38.909804,36.729412,42.019608,41.392157,41.741176,44.827451,48.843137,50.364706,57.266667,56.184314,57.172549,55.47451,56.866667,58.537255,59.113725,60.4,60.564706,60.14902,60.364706,61.627451,63.92549,64.427451,62.34902,63.878431,63.815686,65.2,64.682353,65.058824,66.878431,67.427451,67.54902,67.290196,69.286275,69.223529,69.552941,68.803922,69.156863,69.996078,69.6,70.490196,69.866667,70.486275,70.415686,71.152941,71.086275,69.831373,69.984314,70.576471,70.388235,71.098039,71.25098,71.580392,71.415686,71.760784,71.815686,71.501961,71.160784,71.623529,71.560784,71.823529,71.905882,71.921569,71.952941,71.976471,71.968627,71.960784,71.952941,71.945098,71.996078,71.976471,71.988235,71.984314,71.988235,71.996078,71.984314,71.964706,71.984314,71.92549,71.960784,71.976471,71.956863,71.992157,71.992157,72,71.992157,71.984314,72,72,71.992157,71.984314,71.980392,71.984314,71.996078,71.992157,71.952941,71.964706,71.945098,71.905882,71.992157,71.980392,72,71.976471,71.890196,71.952941,71.976471,71.94902,71.831373,71.792157,71.894118,71.862745,71.890196,71.92549,71.843137,71.878431,71.996078,71.984314,71.901961,71.976471,71.901961,71.909804,71.960784,71.921569,71.972549,71.956863,71.976471,71.945098,71.921569,71.929412,71.909804,71.94902,71.917647,71.941176,71.988235,71.964706,71.94902,71.94902,71.945098,71.909804,71.988235,71.992157,72,71.992157,71.980392,72,71.992157,71.964706,71.980392,71.937255,71.980392,71.945098,71.964706,71.964706,71.980392,71.964706,71.952941,71.905882,71.85098,71.945098,71.776471,71.898039,71.74902,71.760784,71.678431,71.333333,71.07451,71.305882,71.054902,70.984314,71.015686,70.317647,70.227451,70.247059,69.764706,68.713725,69.721569,69.623529,70.517647,70.419608,69.517647,69.188235,68.113725,68.67451,68.780392,67.937255,68.219608,66.105882,63.945098,66.854902,67.117647,65.427451,64.211765,64.090196
34.188235,40.270588,39.388235,44.035294,42.631373,46.603922,46.188235,49.090196,55.282353,55.811765,53.792157,55.270588,56.690196,58.003922,60.290196,60.862745,60.203922,61.552941,61.109804,62.541176,62.701961,63.368627,61.623529,62.341176,63.47451,63.439216,62.537255,65.768627,65.129412,67.643137,68.662745,68.670588,69.784314,69.478431,69.047059,68.772549,69.372549,69.129412,69.839216,69.396078,69.694118,70.015686,70.811765,70.760784,70.964706,70.168627,69.796078,70.392157,70.321569,71.196078,70.929412,71.011765,71.137255,71.407843,71.011765,71.454902,71.262745,71.478431,71.690196,71.760784,71.831373,71.780392,71.964706,71.839216,71.890196,71.956863,71.94902,71.972549,71.933333,71.945098,71.94902,71.968627,71.996078,71.984314,71.976471,71.976471,71.988235,71.976471,71.988235,71.996078,71.976471,71.988235,72,71.992157,71.984314,71.972549,71.972549,71.988235,72,71.996078,71.992157,71.996078,71.984314,71.988235,71.988235,71.94902,71.937255,71.956863,71.980392,72,71.980392,71.984314,71.941176,71.952941,71.937255,71.823529,71.87451,71.890196,71.960784,71.964706,71.909804,71.796078,71.768627,71.913725,71.980392,71.94902,71.980392,71.952941,71.945098,71.94902,71.929412,71.976471,71.968627,71.984314,71.976471,71.988235,71.92549,71.937255,71.984314,71.94902,71.917647,71.945098,71.976471,71.976471,71.929412,71.968627,71.992157,72,71.980392,71.996078,71.984314,71.980392,71.984314,71.972549,71.941176,71.976471,71.945098,71.94902,71.964706,71.952941,71.933333,71.956863,71.984314,71.988235,71.964706,71.94902,71.898039,71.866667,71.835294,71.768627,71.713725,71.466667,71.713725,71.490196,71.039216,71.082353,70.741176,70.701961,70.294118,70.337255,70.533333,69.956863,69.039216,69.321569,69.572549,70.121569,69.843137,69.498039,69.545098,68.305882,67.776471,69.180392,68.968627,67.815686,67.545098,66.541176,67.541176,66.603922,65.396078,65.423529,65.564706,63.360784
35.74902,42.035294,41.721569,45.070588,45.780392,46.513725,48.090196,51.239216,53.968627,56.87451,57.372549,54.623529,59.278431,59.854902,62.317647,61.129412,62.094118,63.815686,62.898039,63.137255,64.392157,63.796078,64.380392,63.666667,64.211765,65.262745,64.015686,65.27451,65.717647,68.254902,69.352941,70.152941,70.207843,69.807843,70.031373,70.203922,69.482353,69.470588,69.509804,69.392157,70.05098,69.537255,70.713725,70.847059,70.745098,70.933333,69.462745,70.407843,70.329412,70.956863,71.282353,71.094118,71.364706,71.337255,71.431373,71.486275,71.541176,71.721569,71.85098,71.898039,71.917647,71.87451,71.839216,71.909804,71.898039,71.968627,71.898039,71.913725,71.92549,71.92549,71.929412,71.94902,71.988235,71.992157,71.992157,71.992157,71.992157,71.992157,71.980392,71.956863,71.952941,72,71.992157,71.980392,71.964706,72,71.996078,72,72,72,72,71.984314,71.956863,71.980392,71.984314,71.968627,71.968627,71.996078,71.976471,71.996078,71.92549,71.905882,71.952941,71.988235,71.968627,71.933333,71.968627,71.980392,71.968627,71.976471,71.937255,71.94902,71.937255,71.960784,71.960784,71.960784,71.976471,71.921569,71.929412,71.901961,71.972549,71.94902,71.956863,71.952941,71.996078,71.984314,71.964706,71.945098,71.992157,71.956863,71.952941,71.917647,71.964706,71.992157,71.984314,71.972549,71.976471,71.972549,71.988235,72,71.996078,72,72,71.996078,71.968627,71.976471,71.980392,71.980392,71.933333,71.941176,71.941176,71.92549,71.972549,71.980392,71.988235,71.945098,71.898039,71.764706,71.529412,71.490196,71.784314,71.721569,71.745098,71.560784,71.423529,70.780392,71.015686,71.109804,70.701961,70.647059,70.596078,70.180392,69.647059,70.003922,69.866667,70.329412,70.576471,70.066667,68.882353,69.011765,65.094118,67.917647,68.760784,69.011765,68.815686,66.247059,66.654902,67.403922,67.039216,65.882353,65.666667,64.917647
