33.541176,33.505882,33.568627,33.788235,33.686275,33.443137,33.654902,33.329412,33.423529,33.152941,33.258824,33.231373,33.141176,33.105882,33.239216,33.294118,33.176471,33.101961,33,33.207843,33.066667,33.12549,32.878431,32.945098,32.72549,32.772549,32.729412,32.701961,32.47451,32.411765,32.447059,32.556863,32.639216,32.576471,32.560784,32.411765,32.286275,32.352941,32.270588,32.470588,32.34902,32.32549,32.239216,32.262745,32.211765,32.192157,32.239216,32.203922,32.078431,32.078431,32.086275,32.086275,32.156863,32.168627,32.117647,32.035294,32.058824,32.043137,32.101961,32.054902,32.062745,32.027451,32.058824,32.003922,32.015686,32.019608,32.011765,32.007843,32.007843,32.003922,32.011765,32,32.007843,32,32.003922,32,32.007843,32,32.003922,32,32,32.003922,32.003922,32.007843,32,32,32,32.019608,32,32,32,32,32,32,32.003922,32,32.003922,32,32.011765,32.015686,32.027451,32,32,32.003922,32.015686,32,32.003922,32.011765,32.019608,32.027451,32.003922,32.007843,32.007843,32.007843,32.023529,32,32.007843,32.011765,32.007843,32.007843,32.011765,32.003922,32.011765,32.003922,32,32.007843,32.007843,32.003922,32,32.023529,32.082353,32.023529,32,32.023529,32.027451,32.015686,32.035294,32.015686,32.007843,32.015686,32.011765,32.003922,32,32,32,32.003922,32.003922,32.011765,32.003922,32.011765,32.011765,32.011765,32.007843,32.011765,32.003922,32,32.007843,32.007843,32,32.007843,32.035294,32.035294,32.05098,32.090196,32.121569,32.101961,32.160784,32.105882,32.168627,32.207843,32.239216,32.270588,32.427451,32.462745,32.360784,32.411765,32.282353,32.243137,32.309804,32.423529,32.596078,32.537255,32.517647,32.47451,32.435294,32.392157,32.584314,32.513725,32.560784,32.901961,32.52549,32.568627
33.486275,33.8,33.662745,33.698039,33.709804,33.596078,33.580392,33.4,33.27451,33.415686,33.309804,33.192157,33.262745,33.290196,33.027451,33.294118,33.101961,33.082353,33.172549,33.192157,33.015686,33.082353,32.901961,33.043137,32.733333,32.627451,32.670588,32.643137,32.360784,32.388235,32.505882,32.368627,32.592157,32.466667,32.588235,32.431373,32.352941,32.352941,32.423529,32.4,32.282353,32.258824,32.121569,32.180392,32.239216,32.32549,32.254902,32.109804,32.109804,32.117647,32.113725,32.098039,32.090196,32.141176,32.105882,32.082353,32.039216,32.058824,32.047059,32.054902,32.082353,32.054902,32.015686,32.043137,32.023529,32.027451,32.015686,32.007843,32.023529,32.007843,32.011765,32,32,32,32,32,32.003922,32.003922,32,32.007843,32.003922,32.007843,32.003922,32.003922,32.011765,32.007843,32,32,32.003922,32,32.007843,32.003922,32.007843,32,32.007843,32,32,32.003922,32.003922,32.011765,32.011765,32,32.003922,32.003922,32.023529,32,32.003922,32.003922,32.039216,32.011765,32.023529,32.023529,32.023529,32,32.003922,32.011765,32.003922,32.003922,32.007843,32.007843,32.019608,32.003922,32.003922,32,32.003922,32,32.007843,32.003922,32.007843,32,32.003922,32.003922,32.007843,32.011765,32.015686,32.007843,32.047059,32.023529,32.027451,32.023529,32.003922,32,32.003922,32.007843,32.003922,32,32,32,32,32.003922,32.003922,32.015686,32.027451,32.011765,32.015686,32,32,32,32.003922,32,32.047059,32.05098,32.047059,32.058824,32.062745,32.070588,32.090196,32.192157,32.176471,32.211765,32.164706,32.298039,32.313725,32.329412,32.278431,32.364706,32.2,32.313725,32.34902,32.423529,32.384314,32.505882,32.478431,32.384314,32.54902,32.509804,32.372549,32.4,32.505882,32.596078,32.686275,32.596078
33.423529,33.372549,33.447059,33.780392,33.662745,33.494118,33.462745,33.458824,33.301961,33.188235,33.352941,33.180392,33.078431,33.137255,33.086275,33.25098,33.184314,33.027451,33.152941,32.901961,32.968627,32.894118,32.913725,32.890196,32.768627,32.717647,32.72549,32.568627,32.513725,32.592157,32.572549,32.309804,32.388235,32.329412,32.513725,32.415686,32.333333,32.207843,32.341176,32.32549,32.313725,32.243137,32.239216,32.333333,32.368627,32.270588,32.215686,32.14902,32.133333,32.043137,32.121569,32.078431,32.066667,32.117647,32.082353,32.105882,32.05098,32.015686,32.027451,32.054902,32.117647,32.031373,32.047059,32.101961,32.105882,32.027451,32.015686,32.062745,32.015686,32.007843,32.035294,32.007843,32,32,32,32.003922,32.011765,32.007843,32,32,32,32,32,32,32,32,32,32.003922,32,32,32,32.003922,32,32,32,31.996078,32,32.007843,32.015686,32.011765,32.007843,32,32,32.011765,32.011765,32.015686,32.015686,32.015686,32.023529,32.015686,32.019608,32.003922,32,32.019608,32.003922,32.003922,32.023529,32.023529,32.003922,32,32.035294,32,32.019608,32,32,31.996078,32,32,32.003922,32,32.003922,32.003922,32,32.015686,32.007843,32.007843,32.003922,32.007843,32.003922,32.007843,32.011765,32.003922,32.007843,32,32,32.003922,32,32,32.007843,32.047059,32,32.007843,32.007843,32,32.003922,32,32,32,32.003922,32.019608,32.015686,32.043137,32.031373,32.05098,32.019608,32.090196,32.141176,32.207843,32.176471,32.356863,32.176471,32.27451,32.25098,32.364706,32.388235,32.305882,32.454902,32.321569,32.294118,32.219608,32.298039,32.337255,32.643137,32.545098,32.478431,32.533333,32.466667,32.580392,32.682353,32.631373,32.54902,32.54902
33.541176,33.521569,33.588235,33.47451,33.717647,33.458824,33.439216,33.243137,33.313725,33.286275,33.160784,33.141176,33.211765,32.972549,33.12549,33.298039,33.090196,33.262745,33.043137,32.92549,32.917647,32.862745,32.945098,32.74902,32.737255,32.772549,32.556863,32.517647,32.607843,32.556863,32.341176,32.411765,32.517647,32.313725,32.427451,32.298039,32.380392,32.486275,32.243137,32.384314,32.396078,32.282353,32.223529,32.168627,32.392157,32.231373,32.129412,32.101961,32.129412,32.082353,32.086275,32.133333,32.164706,32.078431,32.078431,32.058824,32.054902,32.039216,32.003922,32.007843,32.058824,32.062745,32.066667,32.090196,32.094118,32.078431,32.066667,32.007843,32.039216,32.007843,32.023529,32.023529,32.007843,32.015686,32.007843,32.003922,32,32,32.003922,32,32,32,32,32.003922,32,32,31.988235,32,32,32,32.003922,32.003922,32,32,32,32.003922,32.007843,32.023529,32.011765,32.003922,32.015686,32,32.027451,32.011765,32.003922,32.035294,32.031373,32.019608,32.007843,32.015686,32.003922,32.027451,32.007843,32.003922,32.003922,32.007843,32,32.019608,32.015686,32.019608,32.039216,32.007843,32.035294,32.011765,32.015686,32,32,32.011765,32.003922,32.003922,32.007843,32.011765,32.003922,32.003922,32,32.003922,32.015686,32.003922,32.015686,32.003922,32,32.015686,32.011765,32.011765,32,32.003922,32.023529,32.007843,32.015686,32.023529,32.011765,32.003922,32.023529,32.003922,32.039216,32,32,32,32.023529,32.015686,32.054902,32.035294,32.070588,32.078431,32.090196,32.105882,32.043137,32.117647,32.137255,32.2,32.211765,32.219608,32.172549,32.247059,32.4,32.415686,32.286275,32.262745,32.298039,32.239216,32.290196,32.376471,32.482353,32.490196,32.486275,32.482353,32.490196,32.52549,32.576471,32.760784,32.509804,32.560784
33.556863,33.462745,33.462745,33.403922,33.431373,33.54902,33.364706,33.4,33.419608,33.247059,33.219608,33.227451,33.184314,33.058824,33.05098,33.066667,33.039216,33.043137,32.976471,33,32.858824,32.764706,32.941176,32.784314,32.619608,32.65098,32.729412,32.431373,32.482353,32.517647,32.560784,32.454902,32.458824,32.580392,32.388235,32.27451,32.235294,32.352941,32.364706,32.282353,32.384314,32.266667,32.290196,32.247059,32.392157,32.333333,32.168627,32.133333,32.05098,32.054902,32.070588,32.090196,32.066667,32.117647,32.078431,32.090196,32.05098,32.070588,32.031373,32.062745,32.027451,32.015686,32.078431,32.043137,32.05098,32.015686,32.019608,32.015686,32.007843,32.031373,32.031373,32.003922,32.023529,32.031373,32.003922,32.011765,32,32,32,31.980392,32,32,31.992157,31.996078,32.003922,32,31.992157,32,32,32,32.003922,31.996078,32.003922,32,32,32.003922,32.007843,32.023529,32.023529,32.007843,32.003922,32,32.007843,32,32,32.003922,32.003922,32,32.007843,32,32,32.035294,32,32.003922,32.011765,32.003922,32.023529,32.011765,32.031373,32.035294,32.011765,32.019608,32.027451,32.007843,32.007843,32,32.003922,32.015686,32.003922,32.007843,32.003922,32.011765,32,32.003922,32,32,32.011765,32,32.007843,32.035294,32.019608,32.035294,32.027451,32.035294,32.015686,32,32.007843,32.003922,32.019608,32.015686,32.015686,32.007843,32.007843,32.003922,32.011765,32.011765,32.003922,32.027451,32.007843,32.039216,32.047059,32.086275,32.058824,32.035294,32.039216,32.062745,32.14902,32.14902,32.105882,32.160784,32.12549,32.141176,32.243137,32.203922,32.298039,32.294118,32.376471,32.333333,32.290196,32.211765,32.380392,32.372549,32.360784,32.482353,32.45098,32.490196,32.458824,32.564706,32.545098,32.627451,32.533333,32.486275
33.423529,33.521569,33.345098,33.592157,33.607843,33.513725,33.439216,33.266667,33.407843,33.376471,33.082353,33.223529,33.027451,33.062745,32.952941,33.133333,32.956863,32.941176,32.952941,32.94902,32.92549,32.694118,32.733333,33.160784,32.686275,32.560784,32.643137,32.509804,32.478431,32.356863,32.466667,32.388235,32.490196,32.454902,32.294118,32.27451,32.266667,32.243137,32.270588,32.419608,32.364706,32.207843,32.105882,32.254902,32.352941,32.145098,32.188235,32.090196,32.035294,32.031373,32.090196,32.062745,32.121569,32.078431,32.043137,32.039216,32.090196,32.054902,32.011765,32.007843,32.031373,32.023529,32.070588,32.098039,32.039216,32,32.007843,32.003922,32.011765,32,32.011765,32.015686,32,32.007843,32,31.996078,32,32,32.003922,31.980392,31.984314,32,31.992157,32,32,32.003922,31.988235,32,31.992157,32,32,32,32.023529,32.003922,32,32,32.003922,32.023529,32,32.003922,32,32.003922,32.027451,32.011765,32.015686,32.007843,32,32.007843,32.007843,32.007843,32.015686,32.019608,32.019608,32,32.003922,32,32.019608,32.05098,32.027451,32.031373,32.015686,32.062745,32.031373,32.043137,32.003922,32.027451,32.011765,32.003922,32,32.003922,32.003922,32.003922,32,32.007843,32,32,32,32.007843,32.007843,32,32.011765,32.015686,32.047059,32.011765,32.003922,32.011765,32.003922,32.003922,32.007843,32.003922,32.007843,32.007843,32.011765,32.003922,32.035294,32.043137,32.003922,32.023529,32.027451,32.023529,32.023529,32.039216,32.047059,32.094118,32.058824,32.039216,32.145098,32.086275,32.070588,32.094118,32.156863,32.188235,32.176471,32.168627,32.254902,32.254902,32.309804,32.278431,32.282353,32.380392,32.360784,32.352941,32.384314,32.690196,32.419608,32.376471,32.372549,32.501961,32.470588,32.631373,32.45098,32.431373
33.533333,33.392157,33.462745,33.619608,33.337255,33.356863,33.27451,33.164706,33.262745,32.976471,33.188235,33.086275,32.882353,33.070588,33.003922,33.098039,33.058824,33.019608,32.960784,32.788235,32.972549,32.909804,32.898039,32.682353,32.576471,32.454902,32.552941,32.423529,32.443137,32.396078,32.258824,32.368627,32.333333,32.239216,32.243137,32.156863,32.294118,32.231373,32.223529,32.305882,32.254902,32.168627,32.2,32.286275,32.298039,32.168627,32.137255,32.047059,32.066667,32.090196,32.094118,32.078431,32.054902,32.066667,32.011765,32.015686,32.109804,32.007843,32.011765,32.027451,32.023529,32.015686,32.019608,32.015686,32.015686,32,31.996078,32,32,32.007843,32.003922,32.011765,32,32,32.003922,31.984314,32.003922,32.007843,32,31.960784,31.996078,32.003922,31.984314,31.988235,31.992157,32,31.972549,31.964706,31.996078,32.003922,32.011765,31.992157,32.007843,32,32,32,32.011765,32.003922,32,32,32.007843,32.003922,32,32,32.003922,32,32,32,32.003922,31.996078,32,32,32,32,32.007843,32.015686,32.011765,32.011765,32,32.003922,32.023529,32.019608,32.003922,32.003922,32.027451,32.003922,32.007843,32.007843,32.011765,32.003922,32.007843,32.007843,32,32.003922,32,32.003922,32,32.003922,32.007843,32,32.007843,32,32.027451,32.023529,32.019608,32.007843,32.007843,32,32,32,32.015686,32.003922,32,32.003922,32.003922,32.003922,32.023529,32.011765,32.011765,32.019608,32.003922,32.023529,32.058824,32.101961,32.117647,32.133333,32.109804,32.094118,32.05098,32.058824,32.129412,32.25098,32.258824,32.227451,32.286275,32.258824,32.247059,32.258824,32.317647,32.227451,32.407843,32.521569,32.396078,32.372549,32.411765,32.439216,32.466667,32.490196,32.435294,32.572549,32.54902,32.537255
33.039216,33.305882,33.313725,33.4,33.333333,33.047059,33.184314,33,33.243137,32.784314,32.921569,33.07451,33.027451,32.807843,32.968627,32.996078,32.611765,32.890196,32.839216,32.647059,32.678431,32.752941,32.662745,32.572549,32.52549,32.415686,32.372549,32.509804,32.431373,32.360784,32.203922,32.392157,32.388235,32.235294,32.305882,32.25098,32.294118,32.203922,32.152941,32.247059,32.184314,32.196078,32.207843,32.156863,32.133333,32.168627,32.07451,32.066667,32.121569,32.145098,32.027451,32.015686,32.019608,32.031373,32.007843,32.039216,32.070588,32.011765,32.082353,32.015686,32.015686,31.956863,31.992157,32.047059,31.968627,31.890196,31.619608,31.780392,31.945098,31.976471,32.007843,31.956863,31.972549,31.882353,31.65098,31.568627,31.866667,31.870588,31.890196,31.396078,31.54902,31.65098,31.521569,31.447059,31.533333,31.737255,31.478431,31.545098,31.690196,31.984314,31.878431,31.886275,31.807843,31.980392,31.909804,31.623529,31.866667,31.913725,31.815686,31.917647,31.964706,31.960784,31.882353,31.886275,31.74902,31.796078,31.929412,31.933333,31.94902,31.670588,31.960784,31.870588,31.960784,31.788235,31.945098,31.980392,31.988235,32,31.984314,31.972549,31.933333,32.027451,31.996078,31.992157,32.031373,31.988235,32.003922,31.996078,31.937255,31.976471,31.956863,31.913725,31.788235,31.760784,31.784314,31.901961,31.901961,31.701961,31.839216,32.015686,31.996078,32.007843,31.980392,32.007843,32,31.956863,31.956863,31.670588,31.945098,31.858824,31.937255,31.94902,31.984314,32.003922,31.996078,31.945098,31.984314,31.992157,31.976471,31.980392,32.007843,32.058824,32.109804,32.047059,32.054902,32.019608,32.015686,32.003922,32.019608,32.011765,32.047059,32.094118,32.14902,32.294118,32.262745,32.219608,32.196078,32.305882,32.356863,32.301961,32.368627,32.243137,32.282353,32.368627,32.454902,32.207843,32.427451,32.396078,32.4,32.411765,32.607843,32.34902
33.211765,33.431373,33.337255,33.294118,33.364706,33.298039,33.086275,33.031373,33.113725,33.07451,33.145098,32.952941,32.854902,32.823529,33.027451,32.878431,32.94902,32.933333,32.85098,32.72549,32.682353,32.635294,32.745098,32.686275,32.54902,32.435294,32.4,32.341176,32.364706,32.388235,32.34902,32.407843,32.270588,32.341176,32.243137,32.266667,32.231373,32.243137,32.247059,32.184314,32.156863,32.243137,32.301961,32.34902,32.156863,32.054902,32.047059,32.101961,32.086275,32.07451,32.047059,32.047059,32.078431,32.027451,32.047059,32.031373,32.003922,32.023529,32.035294,32.082353,32.031373,31.898039,31.992157,31.929412,31.894118,31.929412,31.796078,31.807843,31.972549,31.94902,31.996078,31.831373,31.67451,31.627451,31.654902,31.623529,31.886275,31.952941,31.847059,31.592157,31.513725,31.635294,31.415686,31.243137,31.32549,31.698039,31.333333,31.67451,31.627451,31.760784,31.721569,31.913725,31.815686,31.803922,31.717647,31.67451,31.823529,31.945098,31.835294,31.933333,31.8,31.74902,31.792157,31.764706,31.588235,31.658824,31.654902,31.843137,31.870588,31.431373,31.909804,31.854902,31.717647,31.631373,31.619608,31.737255,31.952941,31.956863,31.917647,31.917647,31.882353,31.972549,32.015686,31.980392,32.027451,32.015686,31.956863,32.007843,31.854902,31.921569,31.847059,31.764706,31.721569,31.764706,31.690196,31.529412,31.592157,31.603922,31.823529,31.929412,32.007843,32.019608,32.007843,32.011765,31.976471,31.87451,31.760784,31.8,31.866667,31.890196,31.941176,32,31.992157,32.023529,32,31.976471,32.007843,31.937255,31.929412,31.960784,31.941176,32.015686,32.015686,32.019608,32.015686,32.007843,32,31.996078,31.992157,32.015686,32.015686,32.137255,32.101961,32.215686,32.188235,32.184314,32.219608,32.345098,32.223529,32.305882,32.196078,32.231373,32.301961,32.235294,32.454902,32.329412,32.282353,32.290196,32.254902,32.407843,32.184314,32.329412
33.070588,33.286275,33.419608,33.109804,33.07451,33.219608,32.839216,32.929412,33.12549,32.913725,32.776471,32.690196,32.964706,32.768627,32.65098,32.796078,33.101961,32.890196,32.8,32.72549,32.760784,32.501961,32.662745,32.627451,32.505882,32.337255,32.505882,32.34902,32.231373,32.243137,32.145098,32.321569,32.172549,32.196078,32.301961,32.258824,32.313725,32.219608,32.2,32.235294,32.192157,32.25098,32.168627,32.168627,32.078431,32.047059,32.078431,32.015686,32.066667,32.043137,32.054902,32.039216,32.031373,32.039216,32.027451,32.007843,32.003922,32.003922,32.039216,32.003922,31.980392,31.952941,31.866667,31.835294,31.615686,31.776471,31.776471,31.964706,31.964706,31.886275,31.996078,31.858824,31.584314,31.501961,31.47451,31.521569,31.815686,31.768627,31.686275,31.360784,31.380392,31.517647,31.25098,31.337255,31.2,31.313725,31.145098,31.439216,31.411765,31.843137,31.580392,31.772549,31.588235,31.596078,31.380392,31.396078,31.717647,31.839216,31.803922,31.662745,31.498039,31.560784,31.764706,31.682353,31.584314,31.568627,31.545098,31.431373,31.615686,31.682353,31.721569,31.505882,31.470588,31.584314,31.776471,31.545098,31.678431,31.796078,31.662745,31.792157,31.823529,31.956863,31.984314,31.933333,31.980392,31.941176,31.972549,31.964706,31.858824,31.960784,31.8,31.878431,31.866667,31.439216,31.447059,31.505882,31.458824,31.45098,31.721569,31.823529,31.996078,31.980392,32.003922,32.015686,32.003922,31.803922,31.6,31.819608,31.968627,31.835294,31.87451,31.964706,31.968627,31.972549,31.976471,31.917647,31.941176,31.866667,31.94902,31.866667,31.94902,32.015686,32.019608,32.066667,32.015686,32,31.952941,31.92549,31.952941,31.992157,32.003922,32.039216,32.105882,32.180392,32.156863,32.164706,32.101961,32.196078,32.270588,32.243137,32.239216,32.129412,32.207843,32.27451,32.301961,32.196078,32.333333,32.223529,32.266667,32.266667,32.345098,32.352941
33.203922,33.015686,33.027451,33.356863,33.058824,32.941176,32.835294,33.023529,32.854902,32.921569,32.898039,32.870588,32.870588,32.631373,32.878431,32.780392,32.862745,32.701961,32.8,32.780392,32.654902,32.647059,32.486275,32.568627,32.419608,32.192157,32.301961,32.313725,32.192157,32.188235,32.254902,32.12549,32.160784,32.101961,32.14902,32.176471,32.247059,32.34902,32.180392,32.192157,32.286275,32.168627,32.2,32.301961,32.090196,32.094118,32.039216,32.027451,32.023529,32.047059,32.035294,32.015686,32.019608,32.023529,32.054902,32.05098,32.015686,32.011765,32.015686,32.003922,31.952941,31.894118,31.960784,31.901961,31.898039,31.823529,31.752941,31.85098,31.921569,31.815686,31.933333,31.733333,31.803922,31.592157,31.266667,31.345098,31.556863,31.580392,31.533333,31.270588,31.513725,31.407843,31.294118,31.196078,31.113725,31.223529,31.098039,31.2,31.231373,31.521569,31.623529,31.807843,31.286275,31.45098,31.419608,31.564706,31.588235,31.796078,31.623529,31.564706,31.368627,31.454902,31.356863,31.47451,31.635294,31.286275,31.141176,31.388235,31.466667,31.305882,31.698039,31.623529,31.556863,31.482353,31.470588,31.447059,31.513725,31.541176,31.643137,31.870588,31.847059,31.988235,31.972549,31.968627,31.921569,31.94902,31.862745,31.890196,31.862745,31.964706,31.878431,31.862745,31.729412,31.788235,31.615686,31.603922,31.533333,31.588235,31.733333,31.776471,31.933333,31.976471,31.960784,31.980392,31.901961,31.776471,31.780392,31.827451,31.917647,31.792157,31.803922,31.870588,31.882353,31.929412,31.968627,31.964706,31.8,31.772549,31.933333,31.937255,31.964706,31.941176,32.019608,32.011765,32.019608,32,31.964706,31.92549,31.772549,31.988235,32.023529,32.145098,32.121569,32.145098,32.172549,32.196078,32.254902,32.094118,32.207843,32.176471,32.101961,32.231373,32.278431,32.266667,32.180392,32.192157,32.215686,32.231373,32.345098,32.254902,32.231373,32.286275
32.988235,33.294118,33.062745,33.133333,33.086275,33.168627,32.964706,32.996078,32.988235,32.815686,32.952941,32.811765,32.819608,32.709804,32.694118,32.741176,32.835294,32.670588,32.662745,32.552941,32.564706,32.466667,32.415686,32.505882,32.392157,32.294118,32.203922,32.262745,32.278431,32.196078,32.211765,32.227451,32.121569,32.086275,32.196078,32.219608,32.27451,32.235294,32.180392,32.2,32.05098,32.145098,32.172549,32.105882,32.152941,32.05098,32.007843,32.031373,32.054902,32.054902,32.047059,32.062745,32.152941,32,32.007843,32,31.992157,31.996078,31.996078,32,32.011765,31.847059,31.968627,31.952941,31.952941,31.682353,31.486275,31.827451,31.901961,31.713725,31.956863,31.854902,31.709804,31.411765,31.411765,31.27451,31.556863,31.443137,31.639216,31.211765,31.360784,31.52549,31.172549,31.098039,31.164706,31.117647,31.239216,31.345098,31.568627,31.564706,31.54902,31.541176,31.247059,31.262745,31.486275,31.52549,31.498039,31.654902,31.533333,31.301961,31.266667,31.258824,31.247059,31.196078,31.305882,31.164706,31.090196,31.219608,31.227451,31.113725,31.427451,31.27451,31.721569,31.341176,31.537255,31.541176,31.392157,31.490196,31.65098,31.796078,31.835294,31.768627,31.772549,31.894118,31.768627,31.72549,31.807843,31.627451,31.541176,31.956863,32.011765,32.019608,31.666667,31.67451,31.596078,31.505882,31.560784,31.596078,31.905882,31.729412,31.8,31.85098,31.866667,31.94902,32.003922,31.717647,31.607843,31.458824,31.752941,31.596078,31.678431,31.662745,31.631373,31.968627,31.933333,31.909804,32,31.890196,31.917647,31.980392,31.909804,31.992157,31.976471,31.996078,32.019608,31.976471,31.960784,31.823529,31.780392,32.003922,32.047059,32.113725,32.133333,32.109804,32.105882,32.137255,32.164706,32.27451,32.239216,32.07451,32.133333,32.239216,32.317647,32.352941,32.313725,32.368627,32.309804,32.231373,32.160784,32.215686,32.411765,32.309804
33.239216,33.301961,33.145098,33.388235,33.176471,33.082353,32.992157,33.062745,33.023529,32.972549,32.768627,32.807843,32.909804,32.901961,32.807843,32.556863,32.615686,32.788235,32.690196,32.670588,32.588235,32.47451,32.435294,32.494118,32.494118,32.388235,32.337255,32.164706,32.254902,32.254902,32.215686,32.192157,32.141176,32.141176,32.180392,32.184314,32.27451,32.243137,32.196078,32.094118,32.164706,32.145098,32.137255,32.043137,32.062745,32.101961,32.066667,32.019608,32.043137,32.086275,32.007843,32.086275,32.090196,31.968627,31.866667,31.941176,31.980392,31.92549,31.960784,31.988235,31.996078,32.003922,32,31.988235,31.933333,31.784314,31.690196,31.709804,31.776471,31.788235,31.956863,31.815686,31.501961,31.556863,31.447059,31.094118,31.411765,31.568627,31.698039,31.388235,31.290196,31.407843,31.129412,31.2,31.141176,31.258824,31.352941,31.631373,31.607843,31.709804,31.635294,31.490196,31.466667,31.6,31.623529,31.498039,31.462745,31.34902,31.14902,31.282353,31.45098,31.380392,31.407843,31.239216,31.317647,31.188235,31.156863,31.282353,31.34902,31.196078,31.258824,31.439216,31.611765,31.454902,31.431373,31.407843,31.368627,31.294118,31.643137,31.764706,31.631373,31.807843,31.811765,31.580392,31.737255,31.858824,31.827451,31.784314,31.772549,31.854902,31.972549,31.964706,31.85098,31.776471,31.74902,31.435294,31.65098,31.713725,31.737255,31.835294,31.74902,31.905882,31.784314,31.988235,31.870588,31.529412,31.521569,31.435294,31.596078,31.576471,31.411765,31.298039,31.639216,31.921569,31.945098,31.94902,31.898039,31.866667,31.945098,31.956863,31.882353,31.941176,32.027451,32.011765,32.023529,32.011765,31.960784,31.858824,31.929412,32.047059,32.082353,32.098039,32.105882,32.105882,32.113725,32.160784,32.14902,32.211765,32.094118,32.180392,32.160784,32.211765,32.282353,32.262745,32.239216,32.298039,32.239216,32.2,32.235294,32.388235,32.423529,32.333333
33.141176,33.180392,33.298039,33.188235,33.082353,32.937255,32.819608,33,32.941176,32.945098,32.792157,33.019608,32.588235,32.596078,32.643137,32.92549,32.666667,32.615686,32.639216,32.827451,32.588235,32.623529,32.576471,32.458824,32.47451,32.282353,32.298039,32.172549,32.160784,32.207843,32.160784,32.168627,32.164706,32.160784,32.223529,32.2,32.180392,32.129412,32.192157,32.176471,32.12549,32.12549,32.086275,32.145098,32.145098,32.062745,32.062745,32.05098,32.078431,32.05098,32.05098,32.14902,32.054902,31.984314,31.980392,31.968627,32.019608,31.913725,32,31.945098,32.011765,32,31.94902,31.890196,31.768627,31.811765,31.717647,31.537255,31.639216,31.686275,31.941176,31.682353,31.545098,31.486275,31.380392,31.258824,31.529412,31.568627,31.443137,31.54902,31.423529,31.360784,31.317647,31.552941,31.466667,31.611765,31.431373,31.439216,31.568627,31.658824,31.556863,31.419608,31.607843,31.52549,31.247059,31.223529,31.419608,31.105882,31.090196,31.105882,31.188235,31.243137,31.411765,31.352941,31.4,31.282353,31.278431,31.368627,31.380392,31.403922,31.454902,31.564706,31.529412,31.286275,31.286275,31.239216,31.356863,31.443137,31.34902,31.486275,31.376471,31.717647,31.643137,31.564706,31.854902,31.886275,31.686275,31.698039,31.807843,31.917647,31.882353,31.866667,31.627451,31.556863,31.427451,31.364706,31.482353,31.835294,31.858824,31.886275,31.831373,31.972549,31.788235,31.996078,31.8,31.768627,31.462745,31.321569,31.603922,31.458824,31.415686,31.478431,31.631373,31.890196,31.976471,31.988235,32.011765,31.941176,31.929412,31.92549,31.827451,31.937255,31.976471,31.968627,32.015686,32.047059,31.956863,31.960784,31.996078,32.015686,32.098039,32.129412,32.137255,32.227451,32.192157,32.082353,32.172549,32.145098,32.188235,32.215686,32.156863,32.156863,32.137255,32.215686,32.32549,32.180392,32.266667,32.188235,32.34902,32.341176,32.392157,32.427451
33.019608,33.180392,33.156863,33.070588,32.984314,32.72549,32.772549,32.980392,32.803922,32.72549,32.580392,32.756863,32.580392,32.686275,32.658824,32.682353,32.721569,32.631373,32.686275,32.678431,32.588235,32.4,32.588235,32.533333,32.458824,32.278431,32.25098,32.180392,32.188235,32.129412,32.117647,32.152941,32.07451,32.188235,32.25098,32.12549,32.164706,32.129412,32.188235,32.117647,32.082353,32.098039,32.039216,32.047059,32.043137,32.007843,32.007843,31.988235,32.035294,32.082353,32.086275,31.964706,31.976471,31.898039,31.886275,31.815686,31.843137,31.843137,31.866667,31.960784,31.968627,31.972549,31.94902,31.854902,31.792157,31.690196,31.654902,31.6,31.717647,31.623529,31.701961,31.470588,31.192157,31.298039,31.231373,31.223529,31.12549,31.196078,31.078431,31.070588,31.094118,31.160784,31.133333,31.160784,31.4,31.341176,31.368627,31.498039,31.239216,31.415686,31.231373,31.321569,31.27451,31.427451,31.231373,31.152941,31.054902,31.039216,31.003922,31.086275,31.113725,31.094118,31.329412,31.341176,31.294118,31.396078,31.298039,31.486275,31.415686,31.435294,31.278431,31.286275,31.380392,31.309804,31.152941,31.109804,31.105882,31.286275,31.235294,31.243137,31.364706,31.541176,31.615686,31.286275,31.72549,31.694118,31.662745,31.6,31.580392,31.588235,31.584314,31.505882,31.541176,31.341176,31.541176,31.270588,31.388235,31.52549,31.47451,31.592157,31.560784,31.768627,31.588235,31.713725,31.498039,31.309804,31.403922,31.333333,31.286275,31.27451,31.572549,31.435294,31.611765,31.8,31.847059,31.85098,31.968627,31.94902,31.705882,31.556863,31.482353,31.580392,31.811765,31.866667,31.937255,32.015686,31.913725,31.94902,32.019608,32.043137,32.117647,32.058824,32.12549,32.117647,32.172549,32.145098,32.090196,32.05098,32.113725,32.223529,32.156863,32.14902,32.168627,32.152941,32.356863,32.278431,32.207843,32.227451,32.270588,32.160784,32.345098,32.384314
32.878431,33.196078,33.223529,33.078431,32.886275,33.086275,32.87451,32.870588,32.901961,32.847059,32.721569,32.839216,32.768627,32.788235,32.721569,32.803922,32.560784,32.611765,32.486275,32.462745,32.541176,32.521569,32.564706,32.321569,32.278431,32.231373,32.321569,32.219608,32.133333,32.298039,32.105882,32.180392,32.2,32.133333,32.121569,32.121569,32.137255,32.090196,32.243137,32.047059,32.113725,32.003922,32.027451,32.082353,32.031373,31.964706,32.027451,32.07451,32.007843,31.980392,32.043137,32.054902,32.003922,31.901961,31.811765,31.862745,31.831373,31.862745,31.92549,31.960784,31.960784,31.92549,31.933333,31.843137,31.784314,31.811765,31.741176,31.529412,31.52549,31.376471,31.4,31.196078,31.243137,31.215686,31.164706,31.258824,31.188235,31.192157,31.180392,31.054902,31.066667,31.172549,31.141176,31.270588,31.25098,31.384314,31.294118,31.164706,31.215686,31.462745,31.368627,31.376471,31.478431,31.376471,31.235294,31.086275,31.015686,31.007843,31.007843,31.043137,31.043137,31.254902,31.447059,31.490196,31.447059,31.329412,31.294118,31.266667,31.258824,31.270588,31.439216,31.360784,31.313725,31.156863,31.301961,31.196078,31.047059,31.133333,31.145098,31.164706,31.482353,31.635294,31.705882,31.576471,31.615686,31.431373,31.505882,31.729412,31.752941,31.92549,31.541176,31.372549,31.423529,31.270588,31.407843,31.403922,31.227451,31.227451,31.337255,31.572549,31.494118,31.662745,31.682353,31.67451,31.564706,31.270588,31.282353,31.145098,31.376471,31.392157,31.419608,31.501961,31.678431,31.847059,31.878431,31.905882,31.862745,31.615686,31.509804,31.607843,31.556863,31.596078,31.819608,31.8,32.007843,31.980392,31.992157,32.031373,32.066667,32.043137,31.984314,32.047059,32.031373,32.141176,32.156863,32.192157,32.156863,32.227451,32.211765,32.211765,32.105882,32.137255,32.121569,32.25098,32.298039,32.290196,32.203922,32.184314,32.254902,32.215686,32.215686,32.223529
32.87451,33.176471,33.172549,33.094118,32.894118,33.086275,32.835294,32.890196,33.05098,32.933333,32.819608,32.713725,32.717647,32.721569,32.635294,32.666667,32.498039,32.509804,32.431373,32.643137,32.482353,32.427451,32.454902,32.454902,32.243137,32.4,32.168627,32.215686,32.298039,32.25098,32.164706,32.098039,32.039216,32.082353,32.188235,32.129412,32.082353,32.039216,32.113725,32.090196,32.086275,32.082353,32.090196,32.117647,32.011765,32.054902,32.011765,31.917647,31.964706,31.941176,31.917647,31.996078,31.984314,31.968627,31.768627,31.764706,31.698039,31.913725,31.776471,31.803922,31.894118,31.823529,31.941176,31.85098,31.866667,31.741176,31.572549,31.780392,31.811765,31.490196,31.317647,31.388235,31.219608,31.305882,31.168627,31.247059,31.290196,31.231373,31.156863,31.164706,31.160784,31.301961,31.278431,31.290196,31.231373,31.537255,31.364706,31.207843,31.427451,31.576471,31.584314,31.196078,31.258824,31.239216,31.105882,31.047059,31.07451,31.043137,31.035294,31.015686,31.035294,31.243137,31.384314,31.541176,31.556863,31.419608,31.078431,31.2,31.219608,31.176471,31.223529,31.411765,31.247059,31.372549,31.223529,31.105882,31.098039,31.054902,31.07451,31.152941,31.364706,31.560784,31.494118,31.541176,31.478431,31.513725,31.611765,31.745098,31.823529,31.909804,31.568627,31.439216,31.207843,31.12549,31.239216,31.145098,31.054902,31.137255,31.239216,31.384314,31.517647,31.603922,31.654902,31.572549,31.576471,31.419608,31.207843,31.121569,31.321569,31.462745,31.494118,31.686275,31.694118,31.784314,31.811765,31.815686,31.635294,31.431373,31.431373,31.580392,31.678431,31.65098,31.74902,31.866667,31.87451,31.847059,32.039216,32.011765,32.007843,32.062745,31.941176,32.035294,32.054902,32.121569,32.090196,32.223529,32.164706,32.215686,32.113725,32.25098,32.168627,32.192157,32.07451,32.109804,32.223529,32.254902,32.101961,32.172549,32.207843,32.121569,32.27451,32.286275
32.976471,33.007843,33.015686,33.133333,33.031373,32.823529,32.831373,32.866667,32.796078,32.752941,32.764706,32.831373,32.768627,32.639216,32.682353,32.694118,32.541176,32.505882,32.356863,32.568627,32.482353,32.517647,32.345098,32.270588,32.345098,32.243137,32.266667,32.137255,32.2,32.133333,32.172549,32.156863,32.098039,32.14902,32.152941,32.047059,32.047059,32.070588,32.101961,32.180392,32.109804,32.211765,32.247059,32.039216,32.058824,32.035294,31.909804,31.94902,31.968627,31.960784,31.964706,32.023529,31.85098,31.858824,31.858824,31.607843,31.909804,31.929412,31.760784,31.678431,31.670588,31.811765,31.85098,31.576471,31.607843,31.556863,31.509804,31.537255,31.564706,31.396078,31.352941,31.266667,31.396078,31.305882,31.105882,31.258824,31.141176,31.301961,31.145098,31.294118,31.227451,31.407843,31.211765,31.164706,31.333333,31.447059,31.231373,31.427451,31.505882,31.6,31.482353,31.278431,31.141176,31.2,31.07451,31.027451,31.07451,31.058824,31.019608,31,31.035294,31.031373,31.121569,31.270588,31.309804,31.301961,31.152941,31.098039,31.109804,31.145098,31.086275,31.294118,31.431373,31.109804,31.176471,31.137255,31.164706,31.062745,31.109804,31.090196,31.278431,31.321569,31.603922,31.478431,31.545098,31.411765,31.658824,31.67451,31.572549,31.831373,31.764706,31.509804,31.317647,31.203922,31.372549,31.227451,31.086275,31.070588,31.090196,31.376471,31.568627,31.552941,31.360784,31.286275,31.458824,31.447059,31.305882,31.129412,31.262745,31.498039,31.521569,31.541176,31.666667,31.556863,31.588235,31.458824,31.262745,31.270588,31.278431,31.384314,31.439216,31.631373,31.870588,31.886275,31.886275,31.690196,31.909804,32.015686,31.933333,31.952941,32.039216,32.086275,32.062745,32.070588,32.054902,32.192157,32.141176,32.137255,32.239216,32.145098,32.160784,32.176471,32.145098,32.156863,32.192157,32.203922,32.192157,32.141176,32.2,32.082353,32.360784,32.247059
33.003922,33.019608,33.12549,32.858824,33.054902,32.823529,32.843137,32.85098,32.776471,32.913725,32.588235,32.870588,32.654902,32.741176,32.737255,32.701961,32.603922,32.627451,32.67451,32.501961,32.54902,32.513725,32.572549,32.262745,32.337255,32.337255,32.305882,32.227451,32.223529,32.12549,32.223529,32.168627,32.090196,32.141176,32.152941,32.070588,32.066667,32.003922,32.098039,32.133333,32.070588,32.196078,32.078431,32.086275,32.090196,31.972549,31.807843,31.862745,31.976471,31.984314,31.945098,31.929412,31.956863,31.796078,31.878431,31.807843,31.843137,31.760784,31.592157,31.631373,31.568627,31.72549,31.498039,31.52549,31.592157,31.419608,31.976471,31.796078,31.454902,31.415686,31.4,31.243137,31.439216,31.121569,31.129412,31.239216,31.258824,31.227451,31.372549,31.270588,31.337255,31.521569,31.286275,31.203922,31.372549,31.345098,31.301961,31.556863,31.435294,31.470588,31.207843,31.094118,31.047059,31.090196,31.062745,31.105882,31.031373,31.035294,31,31,31.003922,31.015686,31.035294,31.058824,31.341176,31.262745,31.141176,31.062745,31.027451,31.047059,31.015686,31.121569,31.164706,31.070588,31.141176,31.043137,31.043137,31.105882,31.2,31.133333,31.164706,31.396078,31.282353,31.137255,31.443137,31.388235,31.623529,31.27451,31.294118,31.662745,31.560784,31.333333,31.219608,31.352941,31.458824,31.231373,31.043137,31.031373,31.054902,31.094118,31.14902,31.419608,31.462745,31.658824,31.580392,31.47451,31.301961,31.168627,31.333333,31.592157,31.560784,31.498039,31.541176,31.458824,31.478431,31.329412,31.270588,31.211765,31.278431,31.4,31.54902,31.52549,31.698039,31.788235,31.556863,31.678431,31.811765,31.870588,31.831373,31.917647,31.972549,31.94902,32.054902,32.05098,32.094118,32.101961,32.290196,32.113725,32.227451,32.219608,32.098039,32.129412,32.098039,32.117647,32.082353,32.192157,32.145098,32.196078,32.133333,32.192157,32.290196,32.141176
32.815686,32.996078,32.964706,32.866667,33.105882,32.803922,32.831373,32.752941,32.8,32.619608,32.701961,32.603922,32.54902,32.666667,32.690196,32.654902,32.478431,32.670588,32.552941,32.721569,32.576471,32.572549,32.447059,32.384314,32.392157,32.219608,32.192157,32.184314,32.14902,32.188235,32.145098,32.207843,32.117647,32.145098,32.2,32.062745,32.058824,32.101961,32.109804,32.160784,32.117647,32.109804,32.058824,32.094118,32.043137,31.937255,31.866667,31.941176,31.917647,31.94902,31.945098,31.933333,31.847059,31.796078,31.701961,31.690196,31.815686,31.74902,31.792157,31.803922,31.678431,31.65098,31.505882,31.427451,31.305882,31.345098,32,31.898039,31.458824,31.462745,31.431373,31.309804,31.301961,31.301961,31.141176,31.188235,31.431373,31.231373,31.376471,31.196078,31.243137,31.227451,31.270588,31.172549,31.156863,31.239216,31.266667,31.384314,31.282353,31.294118,31.047059,31.019608,31.129412,31.078431,31.109804,31.105882,31.058824,31.054902,31.003922,31.011765,31,31,31.011765,31.023529,31.184314,31.231373,31.090196,31.023529,31.003922,31.019608,31,31.07451,31.164706,31.070588,31.066667,31.039216,31.078431,31.094118,31.180392,31.062745,31.2,31.34902,31.070588,31.117647,31.176471,31.270588,31.219608,31.196078,31.298039,31.388235,31.541176,31.431373,31.305882,31.176471,31.14902,31.109804,31.058824,31.011765,31.019608,31.047059,31.192157,31.239216,31.333333,31.407843,31.309804,31.501961,31.439216,31.164706,31.392157,31.45098,31.576471,31.368627,31.317647,31.352941,31.372549,31.2,31.207843,31.227451,31.376471,31.294118,31.478431,31.666667,31.654902,31.596078,31.831373,31.862745,31.839216,31.823529,31.631373,31.835294,31.956863,31.956863,32.062745,32.070588,32.05098,32.062745,32.235294,32.180392,32.145098,32.121569,32.105882,32.070588,32.07451,32.14902,32.113725,32.223529,32.152941,32.211765,32.215686,32.309804,32.247059,32.184314
32.843137,33.047059,32.968627,33.007843,32.678431,33.027451,32.909804,32.886275,32.709804,32.74902,32.603922,32.698039,32.776471,32.631373,32.541176,32.678431,32.705882,32.541176,32.45098,32.560784,32.517647,32.482353,32.403922,32.298039,32.341176,32.156863,32.180392,32.137255,32.105882,32.113725,32.141176,32.298039,32.086275,32.141176,32.043137,32.078431,32.094118,32.098039,32.141176,32.141176,32.168627,32.078431,32.12549,32.07451,32.054902,31.929412,31.882353,31.94902,31.917647,32.015686,31.898039,31.721569,31.647059,31.556863,31.478431,31.647059,31.776471,31.647059,31.807843,31.780392,31.882353,31.560784,31.439216,31.4,31.415686,31.458824,31.403922,31.423529,31.27451,31.388235,31.529412,31.266667,31.231373,31.294118,31.14902,31.137255,31.227451,31.117647,31.109804,31.070588,31.121569,31.145098,31.062745,31.07451,31.215686,31.266667,31.058824,31.372549,31.152941,31.098039,31.035294,31.023529,31.160784,31.168627,31.098039,31.019608,31.070588,31.027451,31.011765,31,31,31.011765,31.003922,31.035294,31.054902,31.086275,31.086275,31.062745,31.011765,31,31.011765,31.066667,31.07451,31.082353,31.047059,31.043137,31.07451,31.054902,31.023529,31.031373,31.090196,31.192157,31.094118,31.019608,31.066667,31.290196,31.282353,31.082353,31.247059,31.317647,31.392157,31.454902,31.164706,31.117647,31.129412,31.035294,31.039216,31.031373,31.003922,31.14902,31.254902,31.262745,31.329412,31.337255,31.435294,31.301961,31.301961,31.152941,31.090196,31.219608,31.482353,31.462745,31.321569,31.564706,31.482353,31.294118,31.223529,31.168627,31.121569,31.14902,31.352941,31.533333,31.858824,31.835294,31.886275,31.701961,31.705882,31.694118,31.701961,31.92549,31.992157,32.078431,32.105882,32.090196,32.090196,32.137255,32.156863,32.152941,32.141176,32.094118,32.066667,32.05098,32.054902,32.117647,32.172549,32.14902,32.305882,32.227451,32.176471,32.313725,32.223529,32.223529
32.807843,32.956863,32.913725,32.854902,32.784314,32.890196,32.733333,32.839216,32.690196,32.741176,32.6,32.635294,32.498039,32.643137,32.615686,32.501961,32.505882,32.560784,32.498039,32.678431,32.333333,32.360784,32.454902,32.486275,32.192157,32.203922,32.298039,32.160784,32.094118,32.160784,32.184314,32.278431,32.109804,32.180392,32.176471,32.07451,32.031373,32.101961,32.12549,32.054902,32.039216,32.031373,31.996078,32.054902,31.921569,31.972549,31.929412,31.866667,31.819608,31.878431,31.698039,31.462745,31.356863,31.443137,31.407843,31.454902,31.623529,31.776471,31.882353,31.870588,31.666667,31.494118,31.458824,31.415686,31.223529,31.223529,31.431373,31.32549,31.156863,31.258824,31.45098,31.192157,31.145098,31.117647,31.133333,31.101961,31.188235,31.035294,31.094118,31.05098,31.078431,31.078431,31.015686,31.062745,31.058824,31.086275,31.070588,31.094118,31.090196,31.062745,31.043137,31.05098,31.023529,31.035294,31.023529,31.003922,31.043137,31.015686,31.003922,31,31,31,31.003922,31.007843,31.007843,31.094118,31.039216,31.031373,31.007843,31.015686,31,31.043137,31.031373,31.043137,31.113725,31.133333,31.086275,31.05098,31.027451,31.023529,31.027451,31.090196,31.086275,31.066667,31.129412,31.137255,31.070588,31.047059,31.094118,31.039216,31.172549,31.286275,31.258824,31.168627,31.082353,31.066667,31.039216,31.039216,31.011765,31.054902,31.2,31.180392,31.160784,31.227451,31.290196,31.505882,31.282353,31.172549,31.156863,31.129412,31.137255,31.286275,31.247059,31.345098,31.227451,31.266667,31.168627,31.05098,31.133333,31.105882,31.14902,31.521569,31.631373,31.733333,31.647059,31.760784,31.568627,31.466667,31.733333,31.643137,31.945098,31.984314,32.047059,32.101961,32.094118,32.082353,32.113725,32.070588,32.168627,32.07451,32.176471,32.031373,32.027451,32.184314,32.152941,32.231373,32.2,32.207843,32.192157,32.25098,32.247059,32.262745
32.807843,32.839216,32.772549,32.882353,32.666667,32.92549,32.596078,32.85098,32.537255,32.545098,32.709804,32.654902,32.619608,32.631373,32.690196,32.439216,32.654902,32.560784,32.580392,32.466667,32.431373,32.584314,32.509804,32.305882,32.25098,32.2,32.180392,32.133333,32.141176,32.113725,32.145098,32.270588,32.086275,32.168627,32.164706,32.160784,32.062745,32,32.035294,32.007843,32.082353,31.929412,32.062745,31.984314,31.988235,31.992157,31.890196,31.807843,31.74902,31.780392,31.780392,31.552941,31.388235,31.458824,31.341176,31.592157,31.701961,31.807843,31.670588,31.627451,31.466667,31.447059,31.541176,31.352941,31.290196,31.266667,31.247059,31.392157,31.192157,31.270588,31.462745,31.196078,31.168627,31.082353,31.058824,31.062745,31.070588,31.090196,31.211765,31.082353,31.035294,31.023529,31.043137,31.015686,31.039216,31.031373,31.039216,31.039216,31.113725,31.031373,31.027451,31.007843,31,31.039216,31.023529,31.011765,31.027451,31.011765,31.003922,31.027451,31.019608,31.003922,31.007843,31.011765,31.011765,31.031373,31.031373,31.007843,31.015686,31,31.023529,31.082353,31.117647,31.015686,31.168627,31.101961,31.058824,31.070588,31.066667,31.070588,31.082353,31.12549,31.07451,31.05098,31.090196,31.113725,31.007843,31.027451,31.117647,31.196078,31.243137,31.517647,31.309804,31.180392,31.196078,31.090196,31.027451,31.003922,31.023529,31.07451,31.235294,31.203922,31.145098,31.129412,31.270588,31.282353,31.25098,31.078431,31.019608,31.05098,31.141176,31.219608,31.172549,31.243137,31.286275,31.309804,31.141176,31.054902,31.086275,31.094118,31.219608,31.505882,31.603922,31.819608,31.580392,31.568627,31.635294,31.854902,31.901961,31.717647,31.843137,31.882353,31.992157,32.113725,31.976471,32.078431,32.058824,32.07451,32.098039,32.098039,32.054902,32.058824,31.992157,32.05098,32.086275,32.168627,32.101961,32.262745,32.168627,32.160784,32.258824,32.192157
32.780392,32.823529,32.882353,32.678431,32.701961,32.764706,32.784314,32.619608,32.647059,32.627451,32.741176,32.631373,32.533333,32.631373,32.568627,32.658824,32.52549,32.545098,32.47451,32.290196,32.541176,32.423529,32.313725,32.239216,32.372549,32.211765,32.168627,32.14902,32.239216,32.109804,32.2,32.294118,32.239216,32.2,32.156863,32.172549,32.168627,32.066667,32.090196,32.05098,32.101961,32.121569,32.027451,31.890196,31.901961,32.019608,31.890196,31.768627,31.901961,31.784314,31.686275,31.435294,31.356863,31.368627,31.423529,31.494118,31.545098,31.533333,31.615686,31.392157,31.376471,31.45098,31.301961,31.137255,31.101961,31.215686,31.12549,31.196078,31.270588,31.160784,31.372549,31.152941,31.176471,31.070588,31.098039,31.047059,31.113725,31.07451,31.184314,31.082353,31.035294,31.035294,31.031373,31.003922,31.039216,31.015686,31.031373,31.121569,31.043137,31.035294,31.019608,31.003922,31,31.043137,31.011765,31.007843,31.023529,31.015686,31.019608,31.019608,31.070588,31.023529,31.007843,31.007843,31.007843,31.019608,31.003922,31,31,31.003922,31.023529,31.078431,31.07451,31.015686,31.054902,31.066667,31.05098,31.090196,31.129412,31.078431,31.098039,31.078431,31.058824,31.082353,31.054902,31.109804,31.047059,31.101961,31.070588,31.098039,31.219608,31.262745,31.368627,31.121569,31.184314,31.023529,31.035294,31.003922,31,31.05098,31.188235,31.270588,31.164706,31.207843,31.172549,31.317647,31.270588,31.152941,31.031373,31.141176,31.129412,31.207843,31.188235,31.145098,31.14902,31.101961,31.160784,31.235294,31.121569,31.12549,31.247059,31.196078,31.356863,31.431373,31.866667,31.733333,31.619608,31.760784,31.760784,31.764706,31.858824,31.964706,31.866667,31.988235,32.086275,32.086275,32.121569,32.180392,32.035294,32.090196,32.027451,32.086275,32.035294,32.007843,32.121569,32.082353,32.211765,32.172549,32.266667,32.27451,32.117647,32.14902
32.823529,33.070588,32.839216,32.776471,32.835294,32.713725,32.631373,32.705882,32.623529,32.682353,32.643137,32.541176,32.670588,32.576471,32.611765,32.486275,32.505882,32.509804,32.564706,32.623529,32.494118,32.458824,32.337255,32.329412,32.262745,32.172549,32.215686,32.109804,32.176471,32.109804,32.188235,32.164706,32.211765,32.113725,32.062745,32.070588,32.086275,31.984314,31.886275,32.027451,32.188235,32.137255,32,31.972549,31.937255,31.917647,31.776471,31.545098,31.745098,31.741176,31.756863,31.686275,31.556863,31.423529,31.356863,31.478431,31.533333,31.415686,31.458824,31.447059,31.431373,31.258824,31.14902,31.05098,31.254902,31.27451,31.14902,31.219608,31.247059,31.215686,31.309804,31.105882,31.094118,31.043137,31,31.023529,31.121569,31.105882,31.223529,31.070588,31.094118,31.015686,31.058824,31.011765,31.019608,31.039216,31.023529,31.105882,31.039216,31.05098,31.007843,31.007843,31.003922,31,31.011765,31.019608,31.027451,31.019608,31.039216,31.015686,31.062745,31.019608,31.003922,31.035294,31.039216,31.05098,31.027451,31.011765,31.027451,31.003922,31.05098,31.047059,31.152941,31.047059,31.066667,31.047059,31.164706,31.133333,31.129412,31.101961,31.098039,31.086275,31.164706,31.066667,31.090196,31.047059,31.043137,31.054902,31.011765,31.058824,31.14902,31.164706,31.32549,31.086275,31.231373,31.047059,31.039216,31.023529,31.023529,31.023529,31.203922,31.384314,31.2,31.321569,31.298039,31.313725,31.184314,31.098039,31.007843,31.082353,31.152941,31.176471,31.321569,31.286275,31.196078,31.145098,31.207843,31.129412,31.239216,31.192157,31.294118,31.117647,31.219608,31.282353,31.411765,31.584314,31.564706,31.690196,31.737255,31.839216,31.756863,31.807843,31.839216,32.019608,32.031373,32.090196,32.098039,32.086275,32.133333,32.054902,32.113725,31.968627,31.968627,32.035294,32.101961,32.062745,32.239216,32.168627,32.176471,32.207843,32.172549,32.239216
33.011765,32.945098,32.913725,32.819608,32.772549,32.670588,32.627451,32.654902,32.552941,32.52549,32.588235,32.690196,32.658824,32.6,32.462745,32.521569,32.427451,32.607843,32.392157,32.576471,32.458824,32.427451,32.462745,32.227451,32.388235,32.117647,32.129412,32.192157,32.219608,32.196078,32.196078,32.117647,32.047059,32.090196,32.094118,32.035294,32.054902,31.909804,31.976471,31.968627,32.145098,32.12549,32.098039,32.039216,31.886275,31.968627,31.815686,31.470588,31.796078,31.847059,31.713725,31.658824,31.54902,31.564706,31.482353,31.427451,31.529412,31.403922,31.282353,31.133333,31.235294,31.25098,31.180392,31.054902,31.094118,31.2,31.290196,31.254902,31.160784,31.2,31.298039,31.137255,31.172549,31.031373,31.011765,31.003922,31.003922,31.035294,31.086275,31.015686,31.019608,31.078431,31.027451,31.003922,31.031373,31.082353,31.062745,31.082353,31.019608,31.015686,31.003922,31,31,31,31.003922,31.003922,31.054902,31.027451,31.027451,31.003922,31,31.011765,31.015686,31.043137,31.113725,31.019608,31.078431,31.015686,31.003922,31.023529,31.035294,31.05098,31.062745,31.015686,31.062745,31.184314,31.2,31.121569,31.039216,31.05098,31.039216,31.121569,31.054902,31.047059,31.156863,31.019608,31.019608,31.031373,31.05098,31.129412,31.019608,31.309804,31.207843,31.235294,31.2,31.070588,31.043137,31.015686,31.007843,31.066667,31.156863,31.078431,31.203922,31.235294,31.415686,31.427451,31.368627,31.035294,31.039216,31.027451,31.078431,31.14902,31.141176,31.207843,31.266667,31.180392,31.188235,31.294118,31.258824,31.270588,31.188235,31.172549,31.160784,31.215686,31.352941,31.513725,31.639216,31.556863,31.678431,31.811765,31.823529,31.733333,31.67451,32.019608,32.039216,32.07451,32.015686,32.070588,32.062745,32.039216,32.058824,31.858824,31.945098,31.941176,32.172549,32.058824,32.121569,32.203922,32.305882,32.247059,32.192157,32.227451
33.019608,32.764706,32.92549,32.733333,32.643137,32.862745,32.572549,32.745098,32.619608,32.670588,32.607843,32.607843,32.721569,32.498039,32.607843,32.517647,32.529412,32.513725,32.596078,32.498039,32.490196,32.4,32.4,32.313725,32.192157,32.160784,32.133333,32.235294,32.172549,32.113725,32.192157,32.168627,32.035294,32.090196,32.156863,32.090196,32.05098,32.07451,32.043137,32.133333,32.180392,32.164706,32.070588,32.094118,31.964706,31.87451,31.760784,31.698039,31.635294,31.584314,31.627451,31.666667,31.501961,31.313725,31.301961,31.427451,31.439216,31.262745,31.309804,31.290196,31.376471,31.25098,31.090196,31.023529,31.066667,31.27451,31.270588,31.203922,31.137255,31.109804,31.05098,31.039216,31.098039,31.082353,31.035294,31.027451,31.019608,31.007843,31.007843,31.011765,31.015686,31.039216,31.027451,31.011765,31.011765,31.003922,31.011765,31.105882,31.043137,31.054902,31.003922,31,31,31.003922,31.011765,31.011765,31.043137,31.039216,31.05098,31.039216,31.078431,31.027451,31.027451,31.027451,31.054902,31.019608,31.015686,31,31.011765,31.015686,31.086275,31.039216,31.05098,31.015686,31.007843,31.007843,31.039216,31.043137,31.019608,31.098039,31.058824,31.078431,31.019608,31.019608,31.090196,31.054902,31.054902,31.058824,31.019608,31.070588,31.133333,31.2,31.352941,31.258824,31.141176,31.07451,31.011765,31.047059,31.023529,31.07451,31.070588,31.14902,31.14902,31.168627,31.247059,31.286275,31.105882,31.047059,31.039216,31.043137,31.035294,31.105882,31.090196,31.176471,31.219608,31.239216,31.247059,31.215686,31.231373,31.062745,31.098039,31.035294,31.180392,31.078431,31.129412,31.470588,31.4,31.572549,31.623529,31.72549,31.67451,31.811765,31.843137,31.898039,31.952941,31.788235,31.94902,32.078431,32.133333,32.062745,32.07451,32.007843,32.015686,32.066667,32.145098,32.172549,32.117647,32.196078,32.105882,32.258824,32.180392,32.156863
32.74902,32.721569,32.803922,32.72549,32.74902,32.721569,32.65098,32.6,32.588235,32.584314,32.623529,32.572549,32.490196,32.701961,32.458824,32.741176,32.643137,32.654902,32.588235,32.368627,32.372549,32.317647,32.270588,32.333333,32.172549,32.301961,32.223529,32.207843,32.239216,32.219608,32.196078,32.145098,32.039216,32.047059,32.172549,32.058824,32,31.956863,32.098039,32.101961,32.12549,32.086275,32.090196,32.058824,31.945098,31.827451,31.878431,31.737255,31.627451,31.501961,31.541176,31.647059,31.564706,31.490196,31.337255,31.352941,31.368627,31.105882,31.286275,31.478431,31.466667,31.294118,31.129412,31.07451,31.141176,31.301961,31.247059,31.207843,31.090196,31.039216,31.043137,31.058824,31.035294,31.047059,31.105882,31.070588,31.039216,31.015686,31.007843,31.003922,31.007843,31.070588,31.043137,31.043137,31.003922,31.007843,31.031373,31.082353,31.054902,31.066667,31.007843,31,31,31,31,31.011765,31.039216,31.027451,31.101961,31.039216,31.047059,31.007843,31.007843,31.039216,31.039216,31.023529,31.007843,31,31.003922,31.015686,31.078431,31.121569,31.039216,31.003922,31.003922,31.023529,31.031373,31.043137,31.019608,31.05098,31.05098,31.047059,31.054902,31.047059,31.011765,31.039216,31.090196,31.058824,31.027451,31.05098,31.184314,31.168627,31.25098,31.160784,31.101961,31.035294,31.047059,31.101961,31.12549,31.062745,31.066667,31.196078,31.133333,31.321569,31.172549,31.196078,31.129412,31.101961,31.023529,31.05098,31.035294,31.031373,31.007843,31.160784,31.184314,31.14902,31.215686,31.321569,31.247059,31.113725,31.086275,31.094118,31.145098,31.05098,31.172549,31.454902,31.494118,31.6,31.65098,31.772549,31.501961,31.654902,31.8,31.811765,31.894118,31.984314,31.898039,32.082353,32.082353,32.152941,32.035294,32.039216,32.086275,32.101961,32.105882,32.184314,32.180392,32.109804,32.101961,32.176471,32.145098,32.266667
32.839216,32.65098,32.784314,32.772549,32.639216,32.537255,32.603922,32.737255,32.52549,32.709804,32.611765,32.623529,32.54902,32.396078,32.576471,32.643137,32.403922,32.552941,32.439216,32.490196,32.509804,32.356863,32.388235,32.247059,32.301961,32.278431,32.117647,32.047059,32.141176,32.211765,32.023529,31.913725,31.984314,31.898039,31.921569,31.901961,31.94902,31.839216,31.858824,32.078431,31.894118,32.035294,31.968627,31.847059,31.745098,31.439216,31.443137,31.470588,31.372549,31.301961,31.301961,31.321569,31.392157,31.439216,31.25098,31.27451,31.313725,31.196078,31.078431,31.223529,31.235294,31.082353,31.039216,31.05098,31.047059,31.121569,31.129412,31.078431,31.035294,31.011765,31.031373,31.019608,31.066667,31.058824,31.027451,31.054902,31.007843,31,31,31.003922,31,31.047059,31.011765,31.023529,31.003922,31.003922,31.003922,31.015686,31.039216,31.023529,31,31,31,31.003922,31.007843,31.015686,31.011765,31.007843,31.023529,31.003922,31,31.039216,31.070588,31.003922,31.003922,31.003922,31.003922,31.003922,31.007843,31.019608,31.05098,31.05098,31.003922,31,31,31,31,31.003922,31.011765,31.011765,31.019608,31.007843,31.023529,31.007843,31.003922,31.027451,31.015686,31.007843,31.015686,31.039216,31.066667,31.070588,31.054902,31.105882,31.011765,31.019608,31.007843,31.015686,31,31.043137,31.141176,31.07451,31.094118,31.141176,31.117647,31.039216,31.082353,31.184314,31.101961,31.047059,31,31.015686,31,31.039216,31.035294,31.066667,31.078431,31.109804,31.117647,31.043137,31.047059,31.023529,31.113725,31.031373,31.035294,31.168627,31.388235,31.352941,31.372549,31.470588,31.435294,31.435294,31.654902,31.866667,31.882353,31.768627,31.862745,31.886275,31.956863,31.976471,31.980392,31.988235,31.854902,32.011765,32.062745,32.003922,32.082353,32.023529,32.019608,32.137255,32.321569,32.247059
32.760784,32.784314,32.788235,32.705882,32.607843,32.631373,32.545098,32.6,32.541176,32.643137,32.658824,32.572549,32.576471,32.396078,32.482353,32.580392,32.396078,32.345098,32.611765,32.509804,32.247059,32.427451,32.376471,32.290196,32.184314,32.329412,32.160784,32.32549,32.231373,32.239216,31.996078,32.121569,31.835294,31.968627,31.87451,32.043137,31.945098,31.921569,31.921569,31.905882,31.937255,31.866667,31.988235,31.717647,31.729412,31.592157,31.545098,31.509804,31.647059,31.388235,31.6,31.431373,31.376471,31.282353,31.309804,31.160784,31.180392,31.105882,31.086275,31.247059,31.168627,31.054902,31.019608,31.015686,31.011765,31.043137,31.172549,31.047059,31.027451,31.011765,31.015686,31.011765,31.019608,31.043137,31.019608,31,31,31.003922,31,31.007843,31.019608,31.062745,31.047059,31.015686,31.011765,31.003922,31.011765,31.007843,31.023529,31.054902,31,31,31,31,31.007843,31.011765,31,31.019608,31.007843,31,31,31.023529,31.117647,31,31,31,31,31.015686,31.011765,31.023529,31.070588,31.015686,31,31,31,31,31,31.003922,31,31.007843,31.007843,31.007843,31.043137,31.011765,31.003922,31.007843,31.007843,31.027451,31.027451,31.047059,31.117647,31.058824,31.05098,31.027451,31.011765,31.011765,31.015686,31.019608,31.031373,31.047059,31.062745,31.133333,31.078431,31.121569,31.054902,31.058824,31.043137,31.062745,31.043137,31.043137,31.003922,31.007843,31,31.015686,31.015686,31.054902,31.054902,31.101961,31.07451,31.066667,31.105882,31.031373,31.039216,31.082353,31.086275,31.094118,31.231373,31.372549,31.513725,31.564706,31.52549,31.647059,31.580392,31.8,31.65098,31.815686,31.658824,31.784314,31.866667,31.952941,31.984314,31.807843,31.960784,31.870588,31.964706,32.066667,32.007843,32.121569,32.027451,32.160784,32.160784,32.247059
32.607843,33.023529,32.694118,32.780392,32.560784,32.768627,32.486275,32.592157,32.513725,32.584314,32.682353,32.517647,32.415686,32.415686,32.501961,32.54902,32.521569,32.352941,32.423529,32.333333,32.396078,32.329412,32.32549,32.247059,32.282353,32.215686,32.270588,32.094118,32.172549,32.07451,32.176471,32.066667,32.090196,31.972549,31.913725,32.027451,31.976471,31.984314,31.831373,31.913725,31.839216,31.788235,31.65098,31.760784,31.478431,31.635294,31.447059,31.529412,31.654902,31.403922,31.447059,31.490196,31.560784,31.266667,31.239216,31.243137,31.156863,31.101961,31.101961,31.168627,31.078431,31.019608,31.015686,31.027451,31.035294,31.098039,31.058824,31.05098,31,31.007843,31.043137,31,31.011765,31.007843,31,31.003922,31,31.007843,31,31.007843,31.007843,31.047059,31.054902,31.031373,31.05098,31.039216,31.015686,31.007843,31.023529,31.007843,31.007843,31,31.003922,31.003922,31.011765,31,31.007843,31.011765,31.003922,31.003922,31.007843,31.003922,31.003922,31,31,31,31.007843,31.011765,31.003922,31.082353,31.039216,31.015686,31,31,31,31,31,31,31,31.015686,31.003922,31.023529,31.039216,31.003922,31.003922,31.070588,31.019608,31.015686,31.015686,31.054902,31.035294,31.086275,31.039216,31.003922,31.003922,31.011765,31.015686,31.007843,31.011765,31.027451,31.117647,31.098039,31.035294,31.105882,31.07451,31.05098,31.031373,31.027451,31.043137,31.023529,31.019608,31,31,31.035294,31.031373,31.082353,31.039216,31.011765,31.035294,31.109804,31.05098,31.047059,31.109804,31.090196,31.105882,31.243137,31.254902,31.298039,31.376471,31.396078,31.501961,31.690196,31.607843,31.572549,31.764706,31.803922,31.756863,31.643137,31.541176,31.713725,31.74902,31.752941,31.788235,31.678431,31.901961,31.996078,32.082353,32.043137,32.039216,32.223529,32.098039,32.231373
32.623529,32.866667,32.745098,32.815686,32.698039,32.490196,32.501961,32.403922,32.67451,32.415686,32.47451,32.521569,32.537255,32.6,32.517647,32.396078,32.345098,32.482353,32.376471,32.501961,32.368627,32.360784,32.223529,32.2,32.211765,32.164706,32.172549,32.121569,32.133333,32.141176,31.921569,31.972549,31.780392,31.894118,31.854902,31.917647,31.862745,31.921569,31.952941,31.964706,31.992157,31.670588,31.627451,31.611765,31.466667,31.505882,31.494118,31.423529,31.545098,31.294118,31.333333,31.529412,31.443137,31.215686,31.164706,31.129412,31.227451,31.172549,31.184314,31.152941,31.254902,31.047059,31.007843,31.058824,31.011765,31.035294,31.039216,31.023529,31.011765,31.031373,31.023529,31.019608,31.047059,31.015686,31.003922,31.003922,31,31.003922,31,31.003922,31.003922,31.101961,31.035294,31.023529,31.007843,31.007843,31.003922,31.003922,31,31,31.003922,31,31.003922,31.007843,31.003922,31,31,31.003922,31,31.015686,31,31.003922,31.003922,31,31.015686,31.027451,31.007843,31.003922,31.011765,31.078431,31.027451,31,31,31,31,31,31,31,31,31.007843,31.007843,31.003922,31.003922,31.007843,31.007843,31.039216,31.047059,31.047059,31.027451,31.011765,31.023529,31.027451,31.015686,31.007843,31.003922,31.003922,31.003922,31.011765,31.039216,31.019608,31.12549,31.082353,31.066667,31.070588,31.062745,31.007843,31.031373,31.070588,31.066667,31.007843,31.003922,31.027451,31.031373,31.015686,31.047059,31.039216,31.031373,31,31.019608,31.05098,31.07451,31.133333,31.05098,31.094118,31.070588,31.113725,31.227451,31.34902,31.341176,31.415686,31.396078,31.654902,31.6,31.631373,31.705882,31.733333,31.65098,31.717647,31.654902,31.784314,31.85098,31.698039,31.788235,31.729412,31.909804,32.035294,32.05098,32.035294,31.980392,32.223529,31.94902,32.019608
32.709804,32.686275,32.784314,32.686275,32.65098,32.623529,32.572549,32.498039,32.74902,32.396078,32.631373,32.509804,32.556863,32.47451,32.490196,32.439216,32.337255,32.427451,32.415686,32.431373,32.376471,32.388235,32.258824,32.254902,32.145098,32.066667,32.141176,31.92549,31.984314,32.054902,31.964706,31.929412,31.984314,31.898039,31.870588,31.901961,31.952941,31.760784,31.905882,31.882353,31.803922,31.764706,31.529412,31.537255,31.286275,31.431373,31.529412,31.580392,31.341176,31.34902,31.458824,31.411765,31.482353,31.145098,31.145098,31.117647,31.164706,31.141176,31.129412,31.07451,31.12549,31.062745,31.054902,31.023529,31.011765,31.023529,31,31.003922,31.007843,31.023529,31.047059,31.031373,31.039216,31.023529,31.023529,31.019608,31,31,31.007843,31.003922,31.047059,31.031373,31.011765,31.007843,31.003922,31.015686,31,31,31.003922,31.003922,31,31.007843,31,31.003922,31,31,31.011765,31.003922,31.003922,31.011765,31.011765,31.007843,31,31,31.003922,31,31.027451,31.082353,31.12549,31.031373,31.058824,31.043137,31.019608,31,31,31,31,31,31.003922,31.027451,31.035294,31.007843,31.015686,31,31.023529,31.039216,31.062745,31.05098,31.011765,31.007843,31.007843,31.015686,31.007843,31.007843,31.023529,31.011765,31.023529,31,31.011765,31.015686,31.019608,31.062745,31.011765,31.035294,31.047059,31.039216,31.094118,31.086275,31.019608,31.027451,31.019608,31.023529,31.003922,31.023529,31.019608,31.027451,31.047059,31.011765,31.015686,31.07451,31.109804,31.109804,31.121569,31.156863,31.082353,31.098039,31.188235,31.282353,31.309804,31.286275,31.45098,31.278431,31.631373,31.686275,31.662745,31.572549,31.713725,31.619608,31.639216,31.733333,31.698039,31.686275,31.752941,31.709804,31.898039,32.011765,32.109804,31.952941,32.14902,32.121569,32.129412,32.098039
32.729412,32.705882,32.756863,32.823529,32.509804,32.690196,32.615686,32.607843,32.596078,32.572549,32.54902,32.380392,32.592157,32.415686,32.458824,32.623529,32.482353,32.396078,32.47451,32.239216,32.419608,32.321569,32.278431,32.141176,31.984314,32.137255,32.231373,32.003922,32.105882,31.952941,31.980392,31.988235,31.980392,31.960784,31.92549,31.74902,31.807843,31.776471,31.917647,31.815686,31.929412,31.784314,31.478431,31.345098,31.309804,31.545098,31.54902,31.47451,31.439216,31.466667,31.592157,31.435294,31.396078,31.164706,31.043137,31.086275,31.098039,31.117647,31.058824,31.047059,31.054902,31.047059,31.031373,31.003922,31.007843,31.015686,31.019608,31.035294,31.019608,31.011765,31.039216,31.031373,31.007843,31.003922,31.003922,31,31.003922,31.007843,31,31,31.019608,31.043137,31.011765,31.003922,31,31.007843,31,31,31.011765,31,31.003922,31,31,31,31,31.003922,31.011765,31.011765,31,31.003922,31.003922,31,31,31,31,31.011765,31.039216,31.031373,31.054902,31.007843,31.027451,31.043137,31.035294,31,31,31.003922,31,31,31,31.003922,31.003922,31.007843,31.003922,31,31.019608,31.086275,31.078431,31.027451,31.007843,31.031373,31.031373,31,31.015686,31.003922,31.015686,31.015686,31.023529,31.011765,31.043137,31.047059,31,31.062745,31.039216,31.078431,31.054902,31.027451,31.090196,31.054902,31.039216,31.023529,31.019608,31.019608,31.023529,31.043137,31.054902,31.023529,31.019608,31.027451,31.031373,31.094118,31.07451,31.254902,31.156863,31.176471,31.082353,31.058824,31.239216,31.2,31.188235,31.364706,31.243137,31.517647,31.698039,31.741176,31.6,31.572549,31.690196,31.67451,31.568627,31.596078,31.643137,31.701961,31.768627,31.866667,32.058824,32.007843,32,32.078431,31.996078,32.094118,32.098039,32.090196
32.584314,32.937255,32.733333,32.780392,32.737255,32.580392,32.517647,32.705882,32.537255,32.588235,32.611765,32.545098,32.396078,32.568627,32.643137,32.509804,32.454902,32.345098,32.501961,32.211765,32.2,32.172549,32.278431,32.254902,32.247059,32.160784,32.258824,31.992157,32.07451,32.141176,32.152941,32.031373,31.85098,31.847059,31.886275,31.713725,31.756863,31.698039,31.835294,31.752941,31.686275,31.498039,31.560784,31.466667,31.482353,31.411765,31.454902,31.396078,31.447059,31.34902,31.380392,31.321569,31.298039,31.223529,31.168627,31.145098,31.054902,31.070588,31.133333,31.066667,31.023529,31.105882,31.011765,31.015686,31.015686,31.027451,31.007843,31.015686,31.043137,31.003922,31.05098,31.031373,31.019608,31,31.019608,31,31.003922,31.003922,31,31.011765,31.015686,31.015686,31,31.003922,31.011765,31,31,31.003922,31.007843,31.003922,31.003922,31,31,31,31.007843,31,31.007843,31.011765,31.003922,31.007843,31.007843,31.015686,31.003922,31,31,31,31.019608,31.035294,31.007843,31.019608,31.011765,31.078431,31.015686,31,31,31,31,31.003922,31.003922,31.007843,31.015686,31.011765,31,31.015686,31.007843,31.027451,31.117647,31.05098,31.015686,31.023529,31.015686,31.019608,31.011765,31.003922,31.031373,31.047059,31.011765,31,31.015686,31.031373,31.047059,31.023529,31.011765,31.027451,31.027451,31.015686,31.039216,31.031373,31.019608,31.011765,31.023529,31.047059,31.031373,31.019608,31.035294,31.007843,31.043137,31.047059,31.031373,31.090196,31.2,31.188235,31.2,31.156863,31.090196,31.129412,31.239216,31.309804,31.372549,31.215686,31.329412,31.337255,31.403922,31.635294,31.772549,31.619608,31.54902,31.705882,31.639216,31.709804,31.67451,31.596078,31.756863,31.878431,31.815686,32.094118,31.886275,32.164706,32.109804,32.145098,32.164706,32.066667
32.501961,32.772549,32.713725,32.643137,32.517647,32.533333,32.513725,32.545098,32.592157,32.509804,32.619608,32.603922,32.588235,32.360784,32.45098,32.372549,32.321569,32.243137,32.313725,32.305882,32.113725,32.243137,32.203922,32.003922,31.94902,31.886275,31.909804,31.85098,31.788235,31.74902,31.631373,31.705882,31.592157,31.607843,31.6,31.607843,31.560784,31.435294,31.619608,31.470588,31.541176,31.45098,31.396078,31.360784,31.184314,31.117647,31.211765,31.317647,31.439216,31.341176,31.352941,31.337255,31.780392,31.356863,31.031373,31.066667,31.043137,31.05098,31.047059,31.109804,31.058824,31.047059,31.003922,31,31.007843,31.003922,31.007843,31.007843,31.011765,31.011765,31.003922,31,31.007843,31.003922,31.011765,31,31.003922,31,31,31.007843,31.011765,31.015686,31.011765,31,31.007843,31.019608,31,31.003922,31,31,31.003922,31,31.007843,31,31,31,31,31.015686,31.003922,31.003922,31,31,31.003922,31.015686,31,31,31,31,31,31.007843,31.023529,31.011765,31.003922,31.003922,31,31,31,31,31,31.019608,31.019608,31,31.003922,31.007843,31.003922,31.007843,31.019608,31.011765,31,31,31,31.007843,31.003922,31,31.003922,31,31.003922,31.015686,31.015686,31.011765,31.027451,31.011765,31.007843,31.027451,31.019608,31.027451,31.019608,31.027451,31.015686,31.007843,31,31.027451,31.023529,31.035294,31.015686,31,31.023529,31.035294,31.035294,31.098039,31.090196,31.039216,31.101961,31.082353,31.172549,31.062745,31.078431,31.247059,31.109804,31.164706,31.294118,31.215686,31.254902,31.443137,31.478431,31.615686,31.372549,31.478431,31.470588,31.380392,31.576471,31.67451,31.662745,31.572549,31.6,31.670588,31.701961,31.709804,31.823529,31.917647,31.937255,31.862745
32.694118,32.713725,32.6,32.580392,32.639216,32.435294,32.47451,32.560784,32.466667,32.552941,32.45098,32.403922,32.423529,32.298039,32.392157,32.368627,32.298039,32.407843,32.352941,32.317647,32.117647,32.070588,32.054902,32.027451,31.976471,31.905882,31.862745,31.639216,31.690196,31.627451,31.560784,31.580392,31.513725,31.505882,31.678431,31.592157,31.54902,31.47451,31.619608,31.482353,31.423529,31.482353,31.439216,31.552941,31.215686,31.227451,31.203922,31.196078,31.341176,31.270588,31.282353,31.27451,31.482353,31.188235,31.188235,31.054902,31.078431,31.031373,31.07451,31.07451,31.101961,31.011765,31.011765,31.007843,31.003922,31.007843,31.003922,31.003922,31.031373,31,31,31,31,31.003922,31,31,31,31.011765,31.003922,31,31,31.003922,31.011765,31.007843,31,31.003922,31,31,31,31,31,31,31,31.007843,31.003922,31.007843,31.003922,31.007843,31,31.003922,31,31,31.019608,31,31,31,31.007843,31.003922,31.003922,31.003922,31.039216,31.015686,31.007843,31.007843,31,31,31.003922,31.007843,31,31,31,31.007843,31.003922,31,31.011765,31.007843,31,31,31,31,31,31.011765,31.019608,31.023529,31.023529,31.007843,31.007843,31.003922,31,31,31.015686,31.007843,31.003922,31.011765,31.039216,31.05098,31.05098,31.023529,31.027451,31.015686,31.011765,31.058824,31.054902,31.054902,31.015686,31.015686,31.05098,31.062745,31.090196,31.070588,31.066667,31.105882,31.066667,31.121569,31.121569,31.207843,31.101961,31.14902,31.058824,31.160784,31.227451,31.262745,31.407843,31.45098,31.639216,31.505882,31.670588,31.505882,31.388235,31.533333,31.52549,31.560784,31.670588,31.596078,31.788235,31.6,31.733333,31.733333,31.74902,31.898039,31.960784,31.819608
32.603922,32.596078,32.796078,32.737255,32.478431,32.47451,32.560784,32.564706,32.478431,32.388235,32.431373,32.627451,32.360784,32.427451,32.443137,32.364706,32.301961,32.364706,32.372549,32.2,32.321569,32.12549,32.031373,32.031373,31.819608,31.831373,31.960784,31.592157,31.635294,31.72549,31.690196,31.54902,31.501961,31.72549,31.513725,31.556863,31.533333,31.454902,31.588235,31.403922,31.403922,31.509804,31.486275,31.407843,31.388235,31.235294,31.372549,31.243137,31.384314,31.321569,31.337255,31.211765,31.305882,31.145098,31.070588,31.078431,31.062745,31.086275,31.054902,31.062745,31.137255,31.047059,31.027451,31.007843,31.027451,31.019608,31.007843,31.011765,31.023529,31.003922,31.007843,31.007843,31.003922,31,31.003922,31,31.003922,31.007843,31.023529,31,31.003922,31.003922,31,31.007843,31.003922,31.003922,31,31,31,31,31,31,31.003922,31,31.003922,31.003922,31.011765,31.007843,31.019608,31.003922,31.007843,31,31,31,31,31,31.003922,31,31,31,31,31.007843,31.007843,31,31,31,31.003922,31,31.003922,31.003922,31,31,31,31,31.007843,31.003922,31,31,31.003922,31,31,31,31.007843,31.007843,31.007843,31.015686,31,31,31.011765,31.019608,31.007843,31.003922,31.007843,31.003922,31.090196,31.05098,31.023529,31.035294,31.039216,31.007843,31.007843,31.023529,31.062745,31.035294,31.066667,31.039216,31.027451,31.039216,31.054902,31.043137,31.047059,31.05098,31.047059,31.12549,31.078431,31.247059,31.168627,31.184314,31.094118,31.105882,31.341176,31.317647,31.411765,31.431373,31.517647,31.505882,31.647059,31.360784,31.501961,31.431373,31.501961,31.72549,31.756863,31.607843,31.588235,31.682353,31.972549,31.772549,31.882353,31.807843,31.94902,31.843137
32.635294,32.733333,32.839216,32.756863,32.490196,32.505882,32.419608,32.396078,32.419608,32.294118,32.392157,32.564706,32.458824,32.321569,32.32549,32.298039,32.294118,32.211765,32.262745,32.219608,32.219608,32.141176,31.988235,32.035294,31.87451,31.815686,31.901961,31.568627,31.611765,31.658824,31.635294,31.721569,31.588235,31.611765,31.545098,31.537255,31.513725,31.545098,31.54902,31.396078,31.521569,31.45098,31.301961,31.380392,31.356863,31.282353,31.337255,31.192157,31.266667,31.133333,31.156863,31.164706,31.2,31.164706,31.082353,31.07451,31.05098,31.027451,31.047059,31.031373,31.054902,31.003922,31.003922,31.011765,31.011765,31.015686,31,31.011765,31.027451,31,31,31,31.019608,31,31.003922,31.007843,31.003922,31.007843,31.003922,31.003922,31,31,31,31,31.011765,31.003922,31,31,31,31.011765,31,31,31,31,31.003922,31.019608,31.007843,31,31,31,31,31.007843,31,31.003922,31,31,31,31,31,31,31,31.007843,31,31,31,31,31.003922,31,31,31,31.003922,31.007843,31,31,31,31.003922,31,31.007843,31,31.003922,31,31.003922,31.003922,31.007843,31.007843,31.007843,31,31,31,31.031373,31.019608,31.011765,31.019608,31.027451,31.05098,31.023529,31.043137,31.031373,31.015686,31.007843,31.019608,31.007843,31.047059,31.05098,31.039216,31.011765,31.07451,31.039216,31.023529,31.043137,31.019608,31.015686,31.062745,31.05098,31.07451,31.141176,31.192157,31.160784,31.133333,31.129412,31.392157,31.301961,31.443137,31.423529,31.494118,31.462745,31.611765,31.364706,31.352941,31.384314,31.552941,31.768627,31.537255,31.529412,31.717647,31.784314,31.67451,31.780392,31.937255,31.729412,31.886275,31.772549
32.709804,32.882353,32.811765,32.796078,32.603922,32.482353,32.423529,32.317647,32.396078,32.470588,32.443137,32.431373,32.435294,32.431373,32.286275,32.282353,32.188235,32.258824,32.376471,32.243137,31.996078,32.047059,31.921569,32.035294,31.882353,31.772549,31.721569,31.654902,31.611765,31.666667,31.584314,31.709804,31.560784,31.584314,31.556863,31.572549,31.392157,31.356863,31.552941,31.341176,31.509804,31.462745,31.4,31.34902,31.435294,31.345098,31.317647,31.14902,31.239216,31.082353,31.176471,31.254902,31.152941,31.070588,31.05098,31.066667,31.031373,31.027451,31.054902,31.023529,31.003922,31.047059,31.003922,31.031373,31.011765,31.003922,31.003922,31.019608,31.003922,31.007843,31.019608,31.039216,31.019608,31.007843,31.003922,31,31,31.007843,31.003922,31,31,31.015686,31.003922,31.003922,31,31.003922,31,31,31.003922,31,31,31,31.007843,31.015686,31,31.003922,31,31.003922,31,31.007843,31,31.011765,31.003922,31,31,31,31,31,31,31.003922,31,31,31.003922,31,31,31.003922,31.003922,31,31,31,31.007843,31,31.007843,31.003922,31.003922,31,31,31.003922,31,31.003922,31,31,31.003922,31.023529,31.039216,31.011765,31.003922,31.019608,31.003922,31.007843,31.011765,31.003922,31.035294,31.019608,31.031373,31.015686,31.023529,31.035294,31.023529,31.015686,31.015686,31.027451,31.035294,31.007843,31.023529,31.023529,31.039216,31.007843,31.019608,31.019608,31.031373,31.019608,31.047059,31.062745,31.105882,31.137255,31.078431,31.047059,31.086275,31.156863,31.156863,31.282353,31.380392,31.360784,31.415686,31.458824,31.572549,31.403922,31.313725,31.407843,31.490196,31.654902,31.623529,31.694118,31.662745,31.682353,31.776471,31.847059,31.905882,31.662745,31.894118,31.776471
32.803922,32.760784,32.654902,32.564706,32.623529,32.47451,32.415686,32.552941,32.568627,32.462745,32.482353,32.52549,32.313725,32.384314,32.298039,32.337255,32.286275,32.176471,32.031373,32.192157,32.109804,32.054902,32.027451,31.878431,31.760784,31.976471,31.545098,31.552941,31.678431,31.635294,31.580392,31.6,31.611765,31.54902,31.458824,31.454902,31.345098,31.419608,31.482353,31.301961,31.556863,31.313725,31.305882,31.333333,31.482353,31.384314,31.380392,31.192157,31.2,31.152941,31.196078,31.094118,31.078431,31.047059,31.066667,31.043137,31.062745,31.058824,31.043137,31.007843,31.015686,31.007843,31.007843,31.023529,31.023529,31,31,31.007843,31,31.003922,31.011765,31.011765,31.023529,31.007843,31,31,31,31,31,31,31.011765,31.003922,31.007843,31.007843,31.003922,31.003922,31,31.003922,31.003922,31.007843,31,31.003922,31.003922,31.019608,31.007843,31.007843,31.003922,31,31,31,31.003922,31.007843,31,31.007843,31,31,31,31,31.003922,31.007843,31,31,31,31,31.003922,31,31,31,31,31,31,31,31.007843,31,31,31,31,31,31.011765,31.011765,31,31.007843,31.019608,31.011765,31.023529,31.023529,31,31.003922,31,31.011765,31.007843,31.003922,31.015686,31.027451,31.015686,31.023529,31.003922,31.007843,31.043137,31.015686,31.007843,31.003922,31.007843,31.035294,31.027451,31.003922,31.011765,31.007843,31.027451,31.007843,31.019608,31.078431,31.062745,31.101961,31.043137,31.047059,31.078431,31.043137,31.066667,31.047059,31.137255,31.282353,31.482353,31.313725,31.262745,31.32549,31.541176,31.482353,31.486275,31.34902,31.45098,31.423529,31.623529,31.607843,31.576471,31.596078,31.658824,31.807843,31.796078,31.937255,31.741176,31.85098
32.552941,32.705882,32.560784,32.52549,32.627451,32.494118,32.447059,32.47451,32.513725,32.470588,32.521569,32.215686,32.352941,32.298039,32.243137,32.364706,32.317647,32.172549,32.243137,32.258824,31.972549,32.027451,32.05098,31.866667,31.964706,32.011765,31.8,31.533333,31.690196,31.662745,31.560784,31.505882,31.537255,31.513725,31.380392,31.407843,31.470588,31.254902,31.439216,31.517647,31.415686,31.247059,31.203922,31.290196,31.384314,31.301961,31.396078,31.14902,31.129412,31.164706,31.172549,31.121569,31.141176,31.058824,31.101961,31.113725,31.058824,31.078431,31.023529,31.023529,31.007843,31.007843,31,31.015686,31.015686,31.003922,31.007843,31.007843,31,31.019608,31.003922,31,31.003922,31.011765,31,31.003922,31.003922,31,31,31,31.003922,31,31.003922,31.007843,31,31.003922,31.007843,31.015686,31.011765,31.003922,31.007843,31,31.003922,31.035294,31.007843,31.011765,31,31,31,31.019608,31.003922,31,31,31,31,31,31,31,31,31,31.003922,31.007843,31,31.003922,31.003922,31.003922,31,31,31,31,31.003922,31.023529,31.007843,31.003922,31,31,31,31.003922,31.007843,31.007843,31,31.003922,31.015686,31.043137,31.031373,31,31.011765,31.023529,31.007843,31.023529,31.011765,31.035294,31.019608,31.015686,31.035294,31.003922,31.003922,31.003922,31.007843,31.015686,31.003922,31.015686,31.007843,31.003922,31.019608,31.019608,31.003922,31.043137,31.019608,31.007843,31.027451,31.015686,31.05098,31.062745,31.054902,31.109804,31.054902,31.031373,31.023529,31.07451,31.168627,31.262745,31.337255,31.196078,31.290196,31.32549,31.490196,31.537255,31.466667,31.262745,31.392157,31.27451,31.623529,31.662745,31.776471,31.803922,31.670588,31.878431,31.772549,31.819608,31.901961,31.882353
32.388235,32.619608,32.435294,32.376471,32.380392,32.301961,32.278431,32.223529,32.254902,32.145098,32.188235,31.984314,32.188235,32.047059,32.031373,32.211765,32.05098,31.952941,31.960784,31.843137,31.745098,31.772549,31.85098,31.694118,31.694118,31.545098,31.584314,31.494118,31.552941,31.635294,31.423529,31.47451,31.239216,31.32549,31.231373,31.301961,31.25098,31.454902,31.313725,31.341176,31.309804,31.380392,31.2,31.25098,31.219608,31.223529,31.203922,31.109804,31.082353,31.05098,31.203922,31.113725,31.078431,31.023529,31.066667,31.031373,31.062745,31.007843,31.003922,31.015686,31.039216,31.003922,31.023529,31.023529,31.003922,31,31.007843,31.003922,31.003922,31,31.003922,31.007843,31,31.003922,31,31,31,31,31.003922,31.007843,31,31,31,31,31,31,31,31.019608,31.003922,31.003922,31,31.015686,31,31.015686,31.019608,31.015686,31,31,31,31,31.003922,31,31,31,31,31,31,31,31.003922,31,31,31,31,31,31,31.003922,31,31,31.003922,31.003922,31,31.003922,31.003922,31,31,31,31,31,31.003922,31,31.011765,31,31.003922,31.023529,31.011765,31.019608,31.011765,31.003922,31.007843,31.003922,31.003922,31.003922,31.007843,31.027451,31.007843,31.007843,31.003922,31,31,31.007843,31.003922,31,31,31.003922,31.043137,31.035294,31.007843,31.011765,31.003922,31,31,31.019608,31.035294,31.031373,31.047059,31.14902,31.098039,31.027451,31.027451,31.047059,31.101961,31.192157,31.152941,31.152941,31.145098,31.286275,31.2,31.329412,31.329412,31.211765,31.321569,31.25098,31.341176,31.494118,31.458824,31.529412,31.647059,31.517647,31.466667,31.533333,31.486275,31.580392
32.266667,32.47451,32.639216,32.243137,32.427451,32.223529,32.090196,32.313725,32.215686,32.215686,31.976471,32.180392,32.196078,32.003922,32.019608,32.07451,31.976471,32.007843,32.039216,31.898039,31.87451,31.776471,31.701961,31.952941,31.509804,31.529412,31.396078,31.482353,31.431373,31.45098,31.203922,31.227451,31.184314,31.372549,31.266667,31.258824,31.243137,31.262745,31.372549,31.219608,31.203922,31.380392,31.188235,31.145098,31.223529,31.258824,31.278431,31.117647,31.035294,31.070588,31.078431,31.168627,31.05098,31.027451,31.054902,31.082353,31.031373,31.003922,31.003922,31.035294,31.023529,31.031373,31.019608,31.027451,31.003922,31,31.011765,31.015686,31,31.003922,31,31.003922,31.003922,31.019608,31,31,31,31,31.003922,31,31,31,31,31,31,31,31,31,31,31,31.003922,31.003922,31.019608,31.023529,31.003922,31,31.003922,31.003922,31,31,31,31,31,31,31,31,31,31,31,31,31.003922,31.003922,31,31,31.003922,31,31,31,31,31,31.003922,31.007843,31.031373,31.003922,31,31,31.007843,31,31,31,31.007843,31.015686,31.003922,31.003922,31.015686,31,31.003922,31.003922,31.019608,31.007843,31,31.003922,31,31,31.015686,31,31,31,31,31,31,31,31,31.003922,31.047059,31.015686,31.003922,31.003922,31,31,31.011765,31.031373,31.023529,31.039216,31.054902,31.094118,31.070588,31.07451,31.07451,31.105882,31.098039,31.152941,31.180392,31.258824,31.258824,31.290196,31.254902,31.313725,31.317647,31.14902,31.184314,31.278431,31.498039,31.423529,31.329412,31.356863,31.4,31.466667,31.513725,31.509804,31.572549,31.627451
32.494118,32.403922,32.239216,32.588235,32.415686,32.501961,32.172549,32.282353,32.282353,31.984314,31.996078,32.25098,31.972549,32.305882,32.023529,31.996078,31.898039,32.031373,32.117647,32.156863,31.670588,31.831373,31.698039,31.862745,31.541176,31.541176,31.4,31.2,31.301961,31.262745,31.192157,31.215686,31.239216,31.380392,31.262745,31.290196,31.215686,31.25098,31.309804,31.254902,31.317647,31.160784,31.207843,31.133333,31.192157,31.352941,31.301961,31.12549,31.054902,31.105882,31.14902,31.094118,31.054902,31.070588,31.07451,31.035294,31.031373,31.007843,31.043137,31.023529,31.027451,31.035294,31.015686,31.015686,31.007843,31.003922,31.003922,31.007843,31,31,31,31,31.003922,31,31.003922,31.003922,31,31.003922,31,31,31.003922,31,31,31,31,30.992157,31,31,31,31,31.003922,31.007843,31,31.035294,31.007843,31,31.011765,31.003922,31,31.019608,31,31,31,31.003922,31,31,31,31,31,31,31,31,31.003922,31.007843,31,31,31,31,31,31,31.031373,31.039216,31.003922,31.003922,31,31.003922,31.011765,31.007843,31.007843,31.007843,31.011765,31.003922,31,31.027451,31,31,31.003922,31.011765,31.003922,31.003922,31.003922,31,31.003922,31.003922,31.003922,31,31,31,31,31.015686,31,31,31,31.019608,31.023529,31.007843,31.011765,31.003922,31.011765,31.007843,31,31.015686,31.011765,31.043137,31.05098,31.160784,31.141176,31.082353,31.168627,31.082353,31.223529,31.294118,31.14902,31.321569,31.203922,31.215686,31.266667,31.141176,31.086275,31.188235,31.290196,31.34902,31.529412,31.427451,31.27451,31.529412,31.431373,31.266667,31.662745,31.466667,31.52549,31.643137
32.396078,32.533333,32.564706,32.513725,32.470588,32.27451,32.188235,32.368627,32.258824,32.156863,32.043137,32.035294,32.082353,32.031373,32.054902,31.980392,32.090196,31.996078,31.890196,31.780392,31.729412,31.823529,31.572549,31.878431,31.835294,31.486275,31.372549,31.231373,31.341176,31.266667,31.282353,31.184314,31.215686,31.313725,31.290196,31.243137,31.266667,31.32549,31.309804,31.2,31.34902,31.278431,31.235294,31.137255,31.117647,31.321569,31.215686,31.156863,31.105882,31.105882,31.094118,31.062745,31.090196,31.086275,31.043137,31.058824,31.039216,31.023529,31.003922,31.011765,31.007843,31.011765,31.015686,31.023529,31.003922,31,31.003922,31,31,31,31,31,31,31.003922,31.003922,31,31.003922,31.003922,31,31,31,31,31.003922,31,31,31,31,31,31,31.007843,31,31.003922,31.003922,31.007843,31.003922,31,31.003922,31,31,31,31,31,31.011765,31,31.003922,31,31,31,31.007843,31,31,31,31,31,31,31,31,31,31,31,31.015686,31.035294,31.007843,31,31.003922,31.007843,31.019608,31.011765,31.003922,31.023529,31.023529,31.043137,31.003922,31.019608,31.003922,31,31,31.003922,31.007843,31.003922,31.015686,31,31,31,31.007843,31.003922,31.003922,31,31,31,31.003922,31.003922,31.003922,31.015686,31.039216,31.023529,31.007843,31.007843,31.003922,31.011765,31.011765,31.054902,31.043137,31.098039,31.094118,31.015686,31.031373,31.054902,31.047059,31.101961,31.196078,31.278431,31.168627,31.211765,31.321569,31.203922,31.278431,31.286275,31.172549,31.160784,31.258824,31.486275,31.294118,31.427451,31.384314,31.345098,31.380392,31.556863,31.584314,31.486275,31.639216,31.54902
32.384314,32.411765,32.423529,32.466667,32.419608,32.286275,32.298039,32.219608,32.129412,32.164706,32.243137,32.12549,32.113725,32.117647,31.988235,32.109804,32.054902,32.031373,31.964706,31.921569,31.709804,31.858824,31.678431,31.741176,31.615686,31.611765,31.498039,31.34902,31.454902,31.254902,31.247059,31.435294,31.501961,31.352941,31.431373,31.32549,31.27451,31.215686,31.286275,31.266667,31.266667,31.431373,31.286275,31.239216,31.207843,31.184314,31.192157,31.101961,31.086275,31.078431,31.047059,31.039216,31.105882,31.090196,31.035294,31.05098,31.019608,31.031373,31,31.019608,31.015686,31.011765,31.043137,31.003922,31.015686,31.003922,31,31,31,31,31,31,31,31,31,31,31,31.003922,31,31,31,31,31,31,31,31,31,31.011765,31,31.007843,31,31,31.015686,31.007843,31.078431,31.070588,31.003922,31,31.003922,31,31.003922,31,31,31,31,31,31,31,31,31,31,31.015686,31.003922,31,31.003922,31,31,31,31,31.007843,31.043137,31.011765,31.011765,31.003922,31.015686,31.007843,31.011765,31.011765,31.003922,31.015686,31.011765,31.015686,31.007843,31.007843,31.015686,31.019608,31.003922,31,31.003922,31.003922,31.027451,31.007843,31.007843,31.007843,31,31.031373,31.003922,31.003922,31,31,31.011765,31.019608,31.007843,31.015686,31.035294,31.023529,31.023529,31.007843,31.031373,31.011765,31.027451,31.027451,31.054902,31.062745,31.121569,31.086275,31.109804,31.098039,31.07451,31.168627,31.14902,31.117647,31.211765,31.203922,31.329412,31.258824,31.294118,31.164706,31.231373,31.196078,31.196078,31.372549,31.458824,31.356863,31.286275,31.482353,31.329412,31.45098,31.368627,31.584314,31.580392,31.741176
32.45098,32.415686,32.494118,32.509804,32.32549,32.227451,32.105882,32.262745,32.156863,32.184314,32.086275,32.031373,32.023529,32.101961,31.976471,31.972549,31.956863,32.07451,31.941176,31.886275,31.937255,31.756863,31.611765,31.713725,31.643137,31.572549,31.705882,31.294118,31.219608,31.313725,31.290196,31.262745,31.235294,31.301961,31.427451,31.454902,31.376471,31.352941,31.294118,31.192157,31.286275,31.341176,31.211765,31.356863,31.133333,31.160784,31.231373,31.164706,31.235294,31.109804,31.129412,31.062745,31.117647,31.035294,31.066667,31.027451,31.019608,31.007843,31.011765,31,31.019608,31.015686,31.023529,31.007843,31.011765,31.007843,31.007843,31,31.015686,31.003922,31,31,31,31,31.003922,31.011765,31.007843,31.011765,31.003922,31.003922,31,31,31,31,31,31,31.007843,31.003922,31,31,31,31.003922,31.003922,31.007843,31.019608,31.031373,31,31.003922,31,31,31,31.003922,31,31.003922,31,31,31.003922,31.003922,31,31,31.003922,31,31.003922,31.015686,31.019608,31.023529,31,31,30.996078,31.027451,31.007843,31.011765,31.027451,31,31.003922,31.011765,31.011765,31,31.027451,31.027451,31.007843,31.035294,31.05098,31.003922,31,31.023529,31.003922,31,31.011765,31.031373,31.007843,31.007843,31,31,31.011765,31,31,31,31.003922,31.007843,31.003922,31,31.011765,31.023529,31.058824,31.019608,31.031373,31.027451,31.015686,31.007843,31.062745,31.027451,31.054902,31.047059,31.054902,31.098039,31.035294,31.062745,31.07451,31.062745,31.203922,31.223529,31.2,31.227451,31.2,31.239216,31.376471,31.184314,31.121569,31.164706,31.207843,31.313725,31.478431,31.270588,31.317647,31.294118,31.443137,31.588235,31.447059,31.615686,31.615686,31.694118
32.321569,32.521569,32.356863,32.4,32.341176,32.380392,32.235294,32.164706,32.101961,32.015686,32.007843,32.156863,32.023529,32.188235,32.003922,32.054902,31.921569,31.866667,31.772549,31.937255,31.694118,31.623529,31.776471,31.619608,31.662745,31.564706,31.513725,31.486275,31.368627,31.215686,31.270588,31.184314,31.211765,31.290196,31.337255,31.435294,31.231373,31.231373,31.117647,31.239216,31.282353,31.172549,31.360784,31.266667,31.113725,31.078431,31.294118,31.176471,31.168627,31.278431,31.168627,31.14902,31.07451,31.058824,31.070588,31.011765,31.082353,31.023529,31,31.015686,31.003922,31.027451,31.015686,31,31.011765,31.003922,31.003922,31,31.007843,31,31.003922,31,31,31,31,31,31.015686,31.011765,31,31.011765,31,31,31.007843,31,31,31,31,31,30.996078,31,31,31,31.011765,31.003922,31,31,31,31,31.011765,31,31,31,31,31,31,31,31,31.015686,31.003922,31,31.015686,31.003922,31.007843,31.003922,31.031373,31,31.007843,31.011765,31.003922,31.003922,31.007843,31,31.007843,31,31.003922,31.023529,31.019608,31.019608,31.019608,31,31.011765,31.047059,31,31.011765,31.019608,31.015686,31.003922,31,31.003922,31.023529,31.003922,31.003922,31,31.003922,31.003922,31.007843,31.011765,31,31.015686,31.003922,31.007843,31,31.003922,31.007843,31.003922,31.027451,31.019608,31.011765,31.019608,31.019608,31.019608,31.078431,31.05098,31.05098,31.133333,31.086275,31.062745,31.07451,31.109804,31.25098,31.101961,31.121569,31.129412,31.2,31.160784,31.345098,31.305882,31.196078,31.172549,31.2,31.247059,31.278431,31.313725,31.435294,31.490196,31.431373,31.470588,31.498039,31.482353,31.796078,31.619608,31.580392
32.109804,32.129412,32.070588,32.341176,32.211765,32.098039,32.235294,31.94902,32.007843,32.211765,31.956863,31.937255,32.003922,31.788235,31.776471,31.831373,31.701961,31.796078,31.694118,31.741176,31.690196,31.584314,31.611765,31.6,31.423529,31.458824,31.498039,31.270588,31.258824,31.368627,31.266667,31.207843,31.254902,31.211765,31.321569,31.215686,31.239216,31.329412,31.176471,31.203922,31.117647,31.145098,31.156863,31.160784,31.180392,31.192157,31.247059,31.152941,31.14902,31.098039,31.121569,31.070588,31.027451,31.043137,31.015686,31.011765,31.070588,31.019608,30.992157,31.023529,31.003922,31.007843,30.996078,30.996078,30.988235,31,31.007843,31,30.988235,30.984314,30.913725,30.670588,30.729412,30.643137,30.843137,30.847059,30.984314,30.968627,30.921569,30.835294,30.784314,30.682353,30.803922,30.670588,30.945098,30.776471,30.803922,30.682353,30.811765,30.933333,30.552941,30.796078,30.933333,30.980392,30.984314,30.972549,30.972549,30.941176,31,30.85098,30.894118,31.003922,30.992157,31.003922,30.803922,30.882353,30.819608,30.831373,30.984314,30.968627,30.988235,30.964706,30.956863,30.980392,31.007843,30.992157,30.988235,30.988235,31,30.956863,31.011765,30.905882,30.972549,30.894118,30.960784,30.996078,31.015686,30.980392,31.019608,30.941176,31,31.027451,30.92549,30.980392,30.996078,31.023529,31,30.992157,30.968627,30.980392,31.011765,30.996078,30.992157,31.003922,30.803922,31,31.007843,31,31,30.992157,31.003922,31,30.968627,31.031373,31.015686,31.062745,31.011765,31.003922,31.011765,31.011765,31.058824,31.011765,31.007843,31.062745,31.035294,31.027451,31.066667,31.07451,31.054902,31.188235,31.105882,31.101961,31.219608,31.164706,31.32549,31.309804,31.215686,31.160784,31.090196,31.086275,31.101961,31.266667,31.227451,31.384314,31.317647,31.466667,31.380392,31.454902,31.560784,31.717647,31.576471,31.541176
32.003922,32.27451,32.25098,32.196078,32.247059,32.14902,32.160784,32.109804,31.839216,32.035294,31.94902,32.113725,31.905882,31.898039,31.745098,31.886275,31.839216,31.678431,31.67451,31.815686,31.627451,31.705882,31.580392,31.662745,31.52549,31.576471,31.34902,31.301961,31.313725,31.117647,31.160784,31.113725,31.203922,31.192157,31.129412,31.294118,31.254902,31.129412,31.160784,31.160784,31.231373,31.2,31.14902,31.176471,31.145098,31.109804,31.152941,31.145098,31.090196,31.082353,31.054902,31.070588,31.039216,31.031373,31.027451,31.054902,31.058824,31.007843,31,30.996078,31.011765,30.976471,30.945098,30.984314,30.972549,31.035294,31,31.047059,31.039216,31.015686,30.862745,30.772549,30.54902,30.501961,30.682353,30.576471,30.917647,30.968627,30.894118,30.8,30.67451,30.564706,30.490196,30.576471,30.854902,30.705882,30.54902,30.65098,30.65098,30.882353,30.635294,30.835294,30.968627,31.003922,30.921569,30.780392,30.996078,30.952941,30.960784,30.827451,30.854902,30.984314,30.984314,30.976471,30.780392,30.937255,31.023529,30.929412,30.988235,30.913725,30.882353,31.003922,31.003922,30.996078,30.960784,30.988235,31.011765,31.011765,30.992157,31.003922,30.921569,30.890196,30.839216,30.905882,30.898039,30.894118,30.988235,30.937255,31.007843,30.992157,31.015686,30.996078,30.964706,30.976471,30.952941,30.996078,31.003922,30.92549,30.956863,30.968627,31,30.964706,30.992157,30.960784,30.854902,30.968627,30.992157,30.988235,31,30.992157,31.023529,31.003922,30.972549,31.015686,31.007843,31.003922,31.027451,31,31.007843,31.027451,31.070588,31.019608,31.039216,31.031373,31.023529,31.070588,31.070588,31.031373,31.101961,31.07451,31.145098,31.2,31.164706,31.247059,31.305882,31.258824,31.239216,31.152941,31.152941,31.094118,31.258824,31.278431,31.243137,31.266667,31.317647,31.388235,31.266667,31.356863,31.341176,31.501961,31.368627,31.470588
32.243137,32.133333,32.266667,32.231373,32.270588,32.184314,32.082353,32.078431,32.054902,31.976471,31.898039,31.92549,31.870588,31.956863,31.917647,31.776471,31.780392,31.752941,31.745098,31.807843,31.760784,31.721569,31.529412,31.635294,31.494118,31.509804,31.603922,31.223529,31.254902,31.243137,31.180392,31.152941,31.133333,31.278431,31.231373,31.270588,31.262745,31.121569,31.25098,31.25098,31.235294,31.188235,31.168627,31.117647,31.117647,31.168627,31.188235,31.031373,31.047059,31.117647,31.121569,31.039216,31.011765,31.019608,31.011765,31.062745,31.062745,31.019608,31.007843,31.011765,30.996078,30.901961,30.886275,30.886275,30.870588,30.941176,31.011765,31.027451,30.980392,30.984314,30.764706,30.831373,30.45098,30.32549,30.643137,30.462745,30.866667,30.858824,30.921569,30.890196,30.74902,30.611765,30.309804,30.321569,30.74902,30.560784,30.694118,30.721569,30.776471,30.835294,30.478431,30.635294,30.85098,30.858824,30.556863,30.752941,30.980392,30.933333,30.945098,30.419608,30.760784,30.988235,30.913725,30.960784,30.87451,30.937255,30.917647,30.807843,30.988235,31.011765,30.964706,30.964706,30.94902,30.980392,31.011765,30.92549,30.976471,30.976471,31.003922,31.011765,30.945098,30.85098,30.905882,30.901961,30.964706,30.945098,30.976471,30.870588,31.035294,30.956863,31.027451,31.003922,30.756863,30.976471,30.980392,30.996078,30.898039,30.831373,30.768627,30.917647,30.992157,30.960784,30.831373,30.92549,30.843137,30.972549,31,30.988235,31.019608,30.980392,30.984314,30.988235,30.898039,30.988235,31.015686,31.019608,31,31.031373,31.015686,31.003922,31.015686,31.003922,31.019608,31.023529,31.07451,31.086275,31.094118,31.113725,31.105882,31.137255,31.070588,31.156863,31.203922,31.294118,31.356863,31.207843,31.180392,31.145098,31.219608,31.364706,31.305882,31.12549,31.290196,31.313725,31.235294,31.2,31.403922,31.447059,31.356863,31.447059,31.545098,31.317647
32.145098,32.270588,32.254902,32.070588,32.305882,32.211765,32.078431,31.976471,31.835294,31.886275,31.972549,31.905882,32.07451,31.94902,31.894118,31.701961,31.85098,31.635294,31.729412,31.639216,31.717647,31.580392,31.482353,31.760784,31.529412,31.67451,31.6,31.32549,31.368627,31.243137,31.368627,31.482353,31.282353,31.317647,31.32549,31.254902,31.231373,31.14902,31.196078,31.121569,31.090196,31.105882,31.090196,31.066667,31.101961,31.094118,31.203922,31.066667,31.141176,31.07451,31.054902,31.031373,31.027451,31.035294,31.023529,31.035294,31.062745,31.078431,31.015686,31.027451,31,30.862745,30.862745,30.756863,30.803922,30.819608,30.988235,30.933333,30.839216,30.917647,30.619608,30.717647,30.317647,30.415686,30.643137,30.529412,30.780392,30.713725,30.796078,30.705882,30.431373,30.392157,30.305882,30.152941,30.580392,30.513725,30.592157,30.580392,30.823529,30.862745,30.396078,30.776471,30.827451,30.52549,30.572549,30.666667,30.866667,30.956863,30.952941,30.752941,30.866667,30.964706,30.976471,30.968627,30.898039,30.984314,30.972549,30.941176,30.980392,31.007843,30.898039,30.972549,31.019608,30.921569,30.878431,30.756863,30.901961,30.886275,30.94902,30.866667,30.796078,30.788235,30.796078,30.843137,30.909804,30.764706,30.92549,30.901961,30.976471,30.996078,31.003922,31.003922,30.929412,30.92549,30.94902,30.870588,30.862745,30.682353,30.803922,30.666667,30.780392,30.898039,30.866667,30.760784,30.568627,30.796078,30.984314,30.886275,30.980392,30.960784,30.984314,30.984314,30.831373,30.882353,30.984314,30.992157,30.960784,30.972549,31.007843,30.937255,31.007843,31.031373,31.047059,31.003922,31.047059,31.113725,31.098039,31.137255,31.070588,31.047059,31.113725,31.141176,31.286275,31.356863,31.25098,31.176471,31.14902,31.145098,31.129412,31.211765,31.231373,31.207843,31.321569,31.219608,31.341176,31.533333,31.454902,31.333333,31.45098,31.447059,31.462745,31.388235
32.117647,32.364706,32.184314,32.090196,32.105882,32.094118,31.941176,32.043137,31.839216,31.960784,31.8,31.972549,31.705882,31.65098,31.870588,31.737255,31.698039,31.694118,31.721569,31.807843,31.654902,31.592157,31.619608,31.533333,31.713725,31.513725,31.529412,31.407843,31.384314,31.184314,31.298039,31.32549,31.203922,31.243137,31.215686,31.180392,31.184314,31.105882,31.137255,31.137255,31.101961,31.082353,31.101961,31.031373,31.105882,31.207843,31.12549,31.058824,31.164706,31.07451,31.101961,31,31.058824,31.011765,31.011765,31.058824,31.109804,31.019608,31.066667,30.992157,30.972549,30.917647,30.843137,30.882353,30.843137,30.823529,30.898039,30.894118,30.721569,30.772549,30.713725,30.776471,30.486275,30.423529,30.564706,30.545098,30.654902,30.835294,30.811765,30.72549,30.741176,30.494118,30.443137,30.239216,30.482353,30.576471,30.54902,30.286275,30.478431,30.878431,30.611765,30.627451,30.6,30.435294,30.858824,30.764706,30.956863,30.890196,30.760784,30.756863,30.65098,30.87451,30.976471,30.898039,30.623529,30.937255,31.003922,30.956863,30.992157,30.992157,30.956863,30.976471,30.972549,30.945098,30.47451,30.576471,30.92549,30.905882,30.909804,30.807843,30.823529,30.870588,30.807843,30.756863,30.866667,30.839216,30.898039,30.890196,30.94902,30.878431,30.992157,30.960784,30.890196,30.956863,30.941176,30.941176,30.933333,30.866667,30.752941,30.501961,30.686275,30.764706,30.796078,30.682353,30.764706,30.8,30.890196,30.807843,30.862745,30.937255,30.937255,30.968627,30.909804,30.956863,30.972549,30.968627,30.988235,30.92549,31.023529,30.980392,31.031373,31.031373,31.007843,31.086275,31.062745,31.105882,31.043137,31.109804,31.101961,31.121569,31.196078,31.101961,31.188235,31.356863,31.211765,31.168627,31.105882,31.145098,31.184314,31.227451,31.341176,31.278431,31.2,31.192157,31.305882,31.384314,31.521569,31.447059,31.32549,31.54902,31.576471,31.462745
32.105882,31.976471,32.415686,32.254902,32.278431,32.058824,32.352941,32.078431,31.8,31.901961,32,31.866667,31.913725,31.901961,31.662745,31.67451,31.639216,31.694118,31.682353,31.698039,31.533333,31.627451,31.729412,31.666667,31.556863,31.576471,31.592157,31.321569,31.478431,31.321569,31.25098,31.168627,31.152941,31.203922,31.188235,31.231373,31.262745,31.180392,31.196078,31.145098,31.145098,31.156863,31.094118,31.137255,31.12549,31.172549,31.156863,31.117647,31.129412,31.05098,31.14902,31.062745,31.043137,31.062745,31.086275,31.043137,31.094118,31.047059,31.031373,31.007843,31.015686,30.976471,30.8,30.964706,30.952941,30.756863,30.858824,30.788235,30.807843,30.917647,30.760784,30.854902,30.533333,30.564706,30.65098,30.588235,30.498039,30.811765,30.592157,30.580392,30.729412,30.576471,30.305882,30.482353,30.713725,30.564706,30.478431,30.345098,30.423529,30.776471,30.623529,30.443137,30.756863,30.701961,30.733333,30.713725,30.94902,30.843137,30.843137,30.443137,30.827451,30.87451,30.929412,30.92549,30.87451,31.003922,31.011765,30.921569,30.835294,30.882353,30.956863,30.972549,30.968627,30.862745,30.560784,30.847059,30.792157,30.913725,30.890196,30.807843,30.811765,30.784314,30.662745,30.760784,30.776471,30.670588,30.909804,30.803922,30.847059,30.862745,30.988235,30.945098,30.835294,30.811765,30.87451,30.866667,30.619608,30.435294,30.541176,30.278431,30.427451,30.619608,30.772549,30.815686,30.815686,30.741176,30.827451,30.741176,30.788235,30.909804,30.960784,30.952941,30.780392,30.886275,30.952941,30.968627,30.952941,30.980392,30.984314,30.976471,31.019608,31.015686,31.015686,31.035294,31.070588,31.082353,31.184314,31.070588,31.113725,31.168627,31.082353,31.203922,31.184314,31.254902,31.180392,31.184314,31.152941,31.192157,31.215686,31.258824,31.262745,31.25098,31.180392,31.341176,31.305882,31.294118,31.337255,31.396078,31.458824,31.32549,31.470588,31.521569
32.070588,32.12549,32.203922,32.098039,32.023529,32.035294,32.062745,32.039216,31.752941,31.607843,31.792157,31.733333,31.701961,31.937255,31.701961,31.572549,31.717647,31.54902,31.623529,31.588235,31.45098,31.541176,31.537255,31.607843,31.458824,31.368627,31.576471,31.478431,31.443137,31.223529,31.180392,31.145098,31.086275,31.160784,31.086275,31.164706,31.176471,31.203922,31.137255,31.14902,31.180392,31.196078,31.082353,31.090196,31.164706,31.14902,31.207843,31.07451,31.086275,31.117647,31.015686,31.113725,31.031373,31.062745,31.023529,31.039216,31.05098,31.019608,30.960784,30.980392,30.878431,30.905882,30.917647,30.901961,30.807843,30.588235,30.866667,30.831373,30.831373,30.886275,30.839216,30.713725,30.415686,30.392157,30.396078,30.45098,30.576471,30.403922,30.490196,30.6,30.670588,30.4,30.301961,30.517647,30.576471,30.333333,30.258824,30.164706,30.262745,30.580392,30.396078,30.376471,30.780392,30.737255,30.588235,30.654902,30.698039,30.603922,30.52549,30.356863,30.901961,30.894118,30.752941,30.67451,30.678431,30.898039,30.670588,30.466667,30.831373,30.741176,30.92549,30.858824,30.815686,30.627451,30.592157,30.658824,30.603922,30.807843,30.847059,30.862745,30.694118,30.792157,30.701961,30.639216,30.490196,30.556863,30.752941,30.666667,30.74902,30.803922,30.772549,30.898039,30.878431,30.764706,30.631373,30.541176,30.545098,30.454902,30.529412,30.184314,30.411765,30.360784,30.384314,30.72549,30.698039,30.760784,30.690196,30.572549,30.658824,30.858824,30.87451,30.870588,30.729412,30.717647,30.803922,30.878431,30.905882,30.988235,31.019608,31.05098,31,31.019608,31.035294,31.047059,31.090196,31.054902,31.035294,31.031373,31.101961,31.047059,31.12549,31.188235,31.235294,31.168627,31.180392,31.156863,31.054902,31.196078,31.254902,31.196078,31.537255,31.278431,31.227451,31.184314,31.270588,31.368627,31.4,31.337255,31.266667,31.301961,31.313725,31.356863
